2020-01-02;303,8;329,99;389,26;77,52;69;4,78;31,47;49,46;12,43;294,56
2020-01-03;303,82;329,45;386,5;77,38;68,93;4,76;31,31;49,49;12,5;295,74
2020-01-06;304,24;329,98;387,5;77,79;69,08;4,75;31,31;49,34;12,42;294,81
2020-01-07;304,5;330,71;389,49;78,12;69,25;4,8;31,44;49,53;12,46;295,67
2020-01-08;306,3;331,4;390,28;78,05;69,36;4,81;31,51;49,86;12,5;297,54
2020-01-09;306,63;331,58;389,17;78,09;69,39;4,88;31,51;50,83;12,37;298,72
2020-01-10;308,68;333,84;393,17;78,59;69,85;4,9;31,66;51,19;12,57;300,84
2020-01-13;309,78;334,98;390,97;79,1;70,07;4,94;31,68;51,45;12,59;301,35
2020-01-14;308,17;332,65;387,6;78,59;69,58;4,87;31,54;50,75;12,44;298,8
2020-01-15;309,85;333,21;388,99;78,81;69,71;4,86;31,58;50,79;12,47;299,41
2020-01-16;310,72;333,83;390,72;78,84;69,82;4,86;31,62;51;12,4;299,29
2020-01-17;312,22;335,49;393,61;79,22;70,16;4,91;31,79;51,43;12,39;301,48
2020-01-20;313,78;336,91;394,42;79,37;70,48;4,93;31,88;51,45;12,49;303,8
2020-01-21;312,36;335,53;394,49;79,02;70,2;4,89;31,77;51,04;12,47;302,52
2020-01-22;310,99;335,09;394,6;79,09;70,11;4,88;31,78;50,9;12,41;302,1
2020-01-23;313,64;336,9;399,14;79,32;70,5;4,91;31,98;51,32;12,38;303,92
2020-01-24;313,77;336,17;398,76;79,16;70,34;4,93;31,9;51,22;12,51;304,61
2020-01-27;315,33;337,16;400,64;79;70,51;4,89;31,88;51,43;12,44;305,9
2020-01-28;316,05;337,36;399;78,84;70,58;4,86;31,79;51,53;12,39;306,22
2020-01-29;314,79;337,61;399,38;78,95;70,67;4,91;31,94;51,62;12,35;306,86
2020-01-30;315,95;337,98;399,26;78,94;70,69;4,87;31,79;51,28;12,34;306,72
2020-01-31;314,62;336,65;400,41;78,26;70,45;4,82;31,56;51;12,19;305,24
2020-02-03;316,64;338,06;399,36;78,59;70,72;4,78;31,67;51,02;12,19;305,3
2020-02-04;314,09;336,36;395,99;78,46;70,38;4,81;31,6;50,99;12,26;304,23
2020-02-05;313,08;335,74;397,89;78,79;70,3;4,86;31,83;50,88;12,29;304,5
2020-02-06;314,42;337,09;397,61;79,23;70,74;4,85;31,94;51,18;12,46;306,47
2020-02-07;316,94;338,87;399,93;79,4;71,11;4,85;32,08;51,65;12,61;309,33
2020-02-10;315,83;338,09;398,64;79,18;70,91;4,83;31,95;51,45;12,59;308,76
2020-02-11;316,65;337,71;400,37;79,26;70,8;4,85;32,05;51,27;12,68;309,43
2020-02-12;318,27;338,76;402,66;79,54;71,06;4,91;32,24;51,41;12,64;310,19
2020-02-13;318,83;338,83;403,84;79,63;71,09;4,89;32,33;51,44;12,72;311,34
2020-02-14;314,82;334,94;402,57;78,99;70,23;4,86;31,87;50,98;12,63;308,84
2020-02-17;314,34;334,67;402,4;78,74;70,08;4,87;31,76;51,06;12,63;308,59
2020-02-18;315,85;335,44;402,6;78,52;70,17;4,86;31,79;51,04;12,67;309,79
2020-02-19;315,36;335,1;403,46;78,4;70,11;4,88;31,65;51,18;12,64;310,19
2020-02-20;318,24;337,86;403,64;78,95;70,63;4,91;31,9;51,38;12,78;312,83
2020-02-21;318,31;337,76;403,59;78,85;70,35;4,85;31,9;51,14;12,77;312,45
2020-02-24;318,83;338,32;403,39;78,65;70,35;4,79;31,98;50,86;12,76;312,8
2020-02-25;317,91;337,21;403,8;78,42;70,12;4,75;31,92;50,48;12,67;310,76
2020-02-26;320,03;339,56;403,79;78,77;70,56;4,75;32,05;50,63;12,65;311,81
2020-02-27;319;339,12;400,15;78,68;70,5;4,72;32,11;50,26;12,63;310,1
2020-02-28;319,34;339,88;397,14;78,4;70,6;4,56;31,89;49,2;12,52;307,72
2020-03-02;316,64;337,47;388,8;78,03;70,06;4,58;31,93;48,86;12,26;304,58
2020-03-03;316,43;337,03;387,12;78,05;70,09;4,56;31,93;48,83;12,15;302,89
2020-03-04;314,73;335,1;383,97;77,94;69,68;4,57;31,75;49,33;12,09;300,35
2020-03-05;315,72;336,04;388,62;78,16;69,88;4,54;31,8;49,38;12,16;300,79
2020-03-06;318,41;337,6;388,27;78,15;70,14;4,39;31,83;49,06;11,98;298,92
2020-03-09;317,66;336,22;387,64;77,9;69,81;4;31,45;48,37;11,8;295,14
2020-03-10;317,24;335,93;386,47;77,77;69,71;4,11;31,33;48,42;11,68;295,92
2020-03-11;316,08;334,86;383,91;77,6;69,45;4,14;31,17;48,01;11,54;296,23
2020-03-12;319,94;337,51;382,65;77,68;70,01;4,03;31,22;48,16;11,61;300,14
2020-03-13;320,08;338;381,2;77,51;70,16;4,16;31,14;48,39;11,62;302,73
2020-03-16;322,45;340,17;373,02;77,49;70,48;4,06;31,38;47,68;11,45;303,91
2020-03-17;328,63;347,34;381,06;77,39;71,72;4,19;31,74;48,42;11,56;313,09
2020-03-18;331,96;350,17;382,81;78,09;72,19;4,09;32,03;49,26;11,65;318,48
2020-03-19;339,08;357,62;380,95;77,89;73,61;4,13;31,68;50,66;11,86;330,4
2020-03-20;331,87;349,85;383,65;76,94;72,19;4,19;31,8;50,18;11,73;326,26
2020-03-23;333,37;351,55;381,75;77,2;72,46;4,07;31,57;49,87;11,67;329,04
2020-03-24;331,39;350,33;378,12;76,07;72,25;4,1;31,67;49,71;11,63;322,74
2020-03-25;334,05;354,49;391,43;77,32;73,26;4,22;32,45;51,08;11,71;326,93
2020-03-26;336,22;357,79;389,56;77,81;73,95;4,17;32,45;50,5;11,61;326,84
2020-03-27;334,19;354,3;393,23;78,3;73,27;4,14;32,24;49,83;11,47;322,03
2020-03-30;337,11;357,21;398,91;78,76;73,85;4,04;32,36;49,47;11,49;322,04
2020-03-31;339,21;359,09;402,75;78,86;74,37;4,17;32,46;49,84;11,89;327,07
2020-04-01;344,95;364,57;411,58;79,81;75,42;4,21;33,32;50,03;12;332,7
2020-04-02;342,4;361,76;411,65;79,04;74,89;4,24;33,08;49,55;12,01;331,31
2020-04-03;345,44;364,42;415,14;79,61;75,41;4,39;33,34;50,37;12,34;337,46
2020-04-06;344,15;363,35;414,48;79,71;75,23;4,41;33,08;49,66;12,36;336,65
2020-04-07;340,43;359,95;408,37;79,36;74,51;4,38;33,04;48,96;12,23;331,2
2020-04-08;340,01;358,76;406,82;79,11;74,25;4,36;32,69;48,75;12,12;330,59
2020-04-09;336,96;355,66;405,88;78,4;73,61;4,39;32,58;48,41;12,01;327,19
2020-04-14;333,64;351,75;404,53;77,29;72,8;4,38;32,33;47,5;11,84;322,03
2020-04-15;333,36;351,34;402,22;77,36;72,65;4,35;32,18;46,87;11,82;321,39
2020-04-16;332,84;350,15;401,51;77,21;72,4;4,33;32,07;46,51;11,84;321,59
2020-04-17;333,39;350,56;402,71;77,28;72,44;4,37;32,26;46,55;11,96;323,72
2020-04-20;335,85;353,24;404,58;78,2;73;4,35;32,49;47,01;11,99;324,7
2020-04-21;337,79;355,09;406,13;78,42;73,42;4,27;32,62;47,05;12,1;327,66
2020-04-22;336,64;354,3;402,55;78,18;73,2;4,26;32,41;46,75;12,06;326,24
2020-04-23;339,58;357,04;408,46;78,54;73,7;4,4;32,75;47,36;12,25;330,68
2020-04-24;338,74;356,15;407,81;78,63;73,54;4,43;32,84;47,52;12,18;331,12
2020-04-27;335,44;353,8;405,48;78,2;73,13;4,38;32,58;46,73;12,03;326,08
2020-04-28;335,18;355,31;408,28;78,24;73,33;4,4;32,91;46,8;12,11;327,44
2020-04-29;336,85;355,73;407,33;78,25;73,42;4,44;33,16;46,84;12,14;327,38
2020-04-30;334,1;353,01;404,51;77,72;72,9;4,46;33,01;46,44;12,03;324,28
2020-05-04;335,04;353,39;401,44;77,53;73;4,28;32,6;45,99;11,97;322,88
2020-05-05;334,5;352,06;403,54;77,43;72,89;4,36;32,86;45,97;12,03;324,6
2020-05-06;331,91;349,42;400,27;76,99;72,43;4,35;32,83;45,16;12,02;323,48
2020-05-07;332,82;350,56;401,42;77,02;72,62;4,39;33,04;44,88;12,11;324,8
2020-05-08;332,06;349,57;399,94;76,71;72,39;4,37;32,96;45,4;12,02;322,66
2020-05-11;332,28;349,68;399,88;76,73;72,42;4,38;32,96;45,59;12,04;323,24
2020-05-12;333,49;350,7;399,31;76,98;72,59;4,41;32,98;46,11;12,09;324,09
2020-05-13;335,8;353,3;399,99;77,39;73,07;4,43;33,28;46,58;12,21;325,83
2020-05-14;336,85;354,33;399,88;77,51;73,24;4,43;33,3;47,06;12,28;327,72
2020-05-15;336,31;353,88;399,51;77,7;73,12;4,46;33,34;47,32;12,29;327,33
2020-05-18;336,76;353,99;396,4;77,55;73,13;4,48;33,28;47,59;12,32;327,47
2020-05-19;330,84;351,97;393,79;77,15;72,71;4,44;33,26;46,96;12,13;321,38
2020-05-20;330,5;349,91;391,55;76,84;72,24;4,44;33,1;47,07;12,03;319,76
2020-05-21;329,16;348,99;388,84;76,94;72,06;4,5;33,12;46,8;11,87;318,07
2020-05-22;329,87;349,56;390,55;77,28;72,2;4,46;33,11;47,11;11,99;320,7
2020-05-25;331,01;350,53;392,15;77,72;72,38;4,5;33,27;47,23;11,97;321,91
2020-05-26;329,6;349,66;392,58;78,06;72,22;4,48;33,13;47,06;11,86;319,12
2020-05-27;328,24;349,25;392,16;78,71;72,11;4,49;33,09;47,08;11,81;318,75
2020-05-28;328,13;350,01;389,98;79,08;72,27;4,48;33,13;46,83;11,83;318,22
2020-05-29;325,83;348,35;385,3;78,29;71,91;4,43;33,14;45,92;11,66;313,35
2020-06-02;322,07;344,75;387,44;78,56;71,19;4,48;33;45,32;11,5;308,64
2020-06-03;320,46;345,94;387,93;78,87;71,5;4,51;33,2;45,8;11,52;308,57
2020-06-04;320,93;345,57;385,96;77,89;71,42;4,47;33,05;45,59;11,55;308,35
2020-06-05;317,56;344,67;384,4;77,53;71,21;4,43;33,12;44,95;11,43;304,16
2020-06-08;315,97;343,62;386,26;77,62;71,07;4,46;33,07;44,83;11,44;304,09
2020-06-09;320,55;344,83;387,09;77,62;71,28;4,45;33;45,08;11,49;306,19
2020-06-10;319,63;343,77;385,98;77,18;71,09;4,4;32,95;44,55;11,37;302,37
2020-06-11;321,81;344,7;384,28;77,09;71,27;4,39;32,88;44,59;11,38;302,63
2020-06-12;322,8;345,86;385,81;77,71;71,47;4,39;32,99;44,74;11,42;305,4
2020-06-15;324,15;347,21;386,51;78,18;71,82;4,39;32,99;45,1;11,47;308,17
2020-06-16;321,52;345,67;385,55;78,08;71,5;4,38;32,83;44,63;11,4;304,9
2020-06-17;321,93;344,53;384,31;77,37;71,24;4,4;32,76;44,7;11,42;306,03
2020-06-18;322,87;344,96;383,78;77,46;71,29;4,42;32,84;44,71;11,46;306,63
2020-06-19;324,69;346,18;383,09;77,67;71,47;4,45;32,76;45,06;11,55;308,62
2020-06-22;324,76;346,25;383,32;77,76;71,49;4,44;32,83;44,98;11,57;308,46
2020-06-23;327,31;349,1;385,98;78,65;72,07;4,5;33,19;45,09;11,62;309,18
2020-06-24;328,59;350,84;388,12;78,82;72,44;4,5;33,36;45,27;11,65;310,45
2020-06-25;332,01;353,84;392,09;79,52;73,07;4,55;33,72;45,94;11,8;315,08
2020-06-26;333,43;354,95;391,8;79,57;73,33;4,56;33,9;46,07;11,83;315,79
2020-06-29;333,78;355,65;389,61;79,66;73,4;4,5;33,87;46,11;11,82;315,96
2020-06-30;333,86;356,57;390,04;79,84;73,62;4,5;33,94;46,38;11,92;317,83
2020-07-01;332,53;353,63;389,99;79,53;73,09;4,44;33,77;45,93;11,77;314,84
2020-07-02;330,07;351,66;389,79;78,75;72,77;4,42;33,67;45,41;11,46;311,26
2020-07-03;330,3;351,17;389,62;78,62;72,57;4,43;33,56;45,6;11,52;312,6
2020-07-06;331,66;352,8;390,29;78,94;72,92;4,35;33,69;45,52;11,53;312,46
2020-07-07;332,54;353,78;391,69;79,12;73,14;4,36;33,75;45,75;11,67;314,08
2020-07-08;334,26;355,07;394,39;79,33;73,36;4,43;34,04;45,85;11,68;314,81
2020-07-09;333,27;354,34;395,3;79,2;73,18;4,42;34,04;45,55;11,61;312,74
2020-07-10;332,79;353,73;394,82;79,04;73,08;4,4;34,01;45,65;11,63;313,42
2020-07-13;332,14;353,84;394,48;79,08;73,04;4,42;34,03;45,58;11,55;312,88
2020-07-14;332,94;355,1;391,95;79,04;73,32;4,39;34,11;45,57;11,53;312,86
2020-07-15;329,65;353,87;390,04;79,12;73,05;4,37;34,17;45,07;11,41;309,41
2020-07-16;328,79;353,98;389,61;78,8;73,09;4,36;34,14;45,3;11,39;310,67
2020-07-17;328,67;353,78;389,32;78,89;73,04;4,31;34,25;45,17;11,33;309,87
2020-07-20;327,24;352,26;387,01;78,84;72,73;4,28;34,17;44,83;11,12;307,44
2020-07-21;327,37;351,67;390,11;79,17;72,64;4,33;34,3;44,82;11,1;307,27
2020-07-22;325,39;350,24;384,75;78,87;72,35;4,29;34,16;44,37;10,94;303,98
2020-07-23;322,39;346,73;380,6;78,61;71,71;4,22;33,84;43,7;10,73;299,21
2020-07-24;323,66;347,54;381,34;78,77;71,88;4,2;33,78;43,74;10,8;299,58
2020-07-27;321,21;345,79;379,64;78,56;71,63;4,13;33,68;43,16;10,65;295,67
2020-07-28;320,97;346,15;380,37;78,68;71,6;4,1;33,66;42,8;10,67;295,32
2020-07-29;322,79;347,25;383,19;78,55;71,81;4,09;33,8;42,48;10,67;295,51
2020-07-30;321,95;345,71;382,36;78,39;71,55;4,01;33,53;42,12;10,63;294,42
2020-07-31;320,23;344,74;381,59;78,2;71,33;3,94;33,5;41,66;10,5;290,67
2020-08-03;319,37;344,99;383,74;78,11;71,37;3,96;33,46;41,97;10,57;292,89
2020-08-04;319,29;344,73;382,06;78,28;71,3;3,98;33,49;42,13;10,5;292,34
2020-08-05;320,89;345,84;382,67;78,59;71,55;4;33,58;41,57;10,55;292,07
2020-08-06;321,94;346,38;384,89;78,54;71,61;3,99;33,6;40,91;10,57;292,45
2020-08-07;320,46;346,21;383,43;78,45;71,56;3,97;33,58;39,76;10,58;292,58
2020-08-10;320,43;345,36;383,64;78,47;71,38;3,98;33,55;40,05;10,63;293,35
2020-08-11;320,43;344,89;383,44;78,37;71,33;4,02;33,56;40,24;10,62;292,97
2020-08-12;321,21;345,69;384,09;78,34;71,48;4,02;33,66;40,19;10,69;294,23
2020-08-13;320,48;344,97;381,33;78,39;71,35;3,96;33,59;39,6;10,64;291,38
2020-08-14;321,99;346,25;383,23;78,69;71,59;3,99;33,63;39,76;10,71;293,01
2020-08-17;323,85;348,17;384,95;79,37;72;4,01;33,83;39,78;10,77;294,06
2020-08-18;324,6;349,92;386,93;79,61;72,38;4,02;33,89;39,76;10,79;293,73
2020-08-19;324,48;349,64;387,8;79,7;72,22;3,99;33,89;39,7;10,71;292,81
2020-08-24;326,98;351,8;389,95;79,83;72,68;4;33,97;40,42;10,84;297,58
2020-08-25;328,92;353,71;392,09;80,53;73,08;4;34,14;40,44;10,9;299,12
2020-08-26;329,16;353,95;394,18;80,39;73,12;3,97;34,22;40,71;10,93;299,6
2020-08-27;331,64;356,3;397,79;80,76;73,59;4,01;34,55;41,07;10,97;301,06
2020-08-28;330,8;355,85;396,84;80,81;73,52;4,02;34,61;40,76;10,87;298,78
2020-08-31;329,16;354,06;395,85;80,52;73,14;4,03;34,41;40,52;10,78;297,3
2020-09-01;328,49;355,06;397,97;80,78;73,36;4,03;34,38;40,21;10,74;296,53
2020-09-02;329,93;357,09;401,81;80,97;73,76;4,06;34,65;40,81;10,89;301,16
2020-09-03;331,74;357,69;402,55;80,95;73,83;4,01;34,62;40,69;10,94;302,28
2020-09-04;333,2;359,43;403,44;80,76;74,12;4,04;34,7;40,75;10,94;303,11
2020-09-07;333,23;360,04;401,39;80,78;74,15;4,02;34,77;40,8;10,97;304,27
2020-09-08;332,35;360,18;399,74;81,04;74,18;4,01;34,71;40,78;10,97;305,03
2020-09-09;331,52;357,98;393,73;80,36;73,65;4;34,48;40,61;10,93;304,3
2020-09-10;332,54;357,56;393,31;80,36;73,61;4;34,55;40,36;10,85;302,15
2020-09-11;331,79;357,44;385,39;80,34;73,6;4,03;34,46;40,37;10,8;301,46
2020-09-14;332,4;357,83;387,71;80,43;73,68;4,03;34,41;40,28;10,77;301,79
2020-09-15;332,17;357,66;387,73;80,36;73,64;4;34,4;40,15;10,73;301,01
2020-09-16;333,52;358,95;390,56;80,6;73,85;4,04;34,49;40,38;10,76;302,5
2020-09-17;335,08;360,16;395,47;80,92;74,11;4,06;34,57;40,43;10,84;305,12
2020-09-18;335,03;360,95;395,22;80,98;74,27;4,05;34,66;40,24;10,8;304,34
2020-09-21;336,62;362,91;394,95;81,02;74,67;4,03;34,85;40,47;10,9;307,5
2020-09-22;337,03;362,45;395,68;80,45;74,58;4,05;34,82;40,3;10,94;308,55
2020-09-23;338,14;364,1;395,21;81,04;74,84;4,08;34,87;40,49;11,03;311,09
2020-09-24;338,92;365,33;399,18;80,69;74,97;4,05;34,55;40,66;11,1;313,4
2020-09-25;335,6;362,58;397,08;79,74;74,3;4,04;34,13;41,1;11;311,07
2020-09-28;337,18;363,86;400,9;79,98;74,6;3,97;34,34;40,17;11,04;312,57
2020-09-29;339,34;365,96;403,41;79,84;75,12;3,92;34,68;39,89;11,07;313,21
2020-09-30;337,31;364,65;399,21;80,56;74,85;3,97;34,61;40,14;11;311,4
2020-10-01;335,6;361,89;395,81;80,16;74,25;3,99;34,48;39,97;10,89;308,62
2020-10-02;332,41;358,77;396,47;79,8;73,57;3,9;34,41;39,45;10,81;306,25
2020-10-05;332,48;358,05;394,7;79,67;73,52;3,89;34,22;39,33;10,73;304,72
2020-10-06;334,6;360,51;397,67;80,19;73,91;3,9;34,36;39,32;10,8;306,09
2020-10-07;333,27;359,57;394,65;80,21;73,75;3,91;34,21;39,04;10,8;305,81
2020-10-08;331,38;357,7;393,97;79,64;73,37;3,9;34,25;38,33;10,75;304,11
2020-10-09;331,22;356,82;391,44;79,73;73,22;3,92;34,17;38,13;10,72;302,34
2020-10-12;331,5;356,61;392,93;79,6;73,2;3,91;34,31;38,24;10,7;301,93
2020-10-13;334,17;358,81;397,42;80,18;73,61;3,94;34,62;38,49;10,74;304,23
2020-10-14;338,67;363,59;399,67;80,85;74,57;4,01;35,11;38,97;10,93;309,68
2020-10-15;340,97;365,44;404,15;80,24;74,94;4;35,11;39,29;11,02;312,16
2020-10-16;340,43;364,85;403,12;80,02;74,82;4;35,2;39,27;10,99;311,7
2020-10-19;340,58;365,07;404,2;80,25;74,84;3,99;35,27;39,42;10,96;311,02
2020-10-20;341,04;365,37;402,06;79,6;74,91;3,98;35,17;39,29;10,93;310,11
2020-10-21;339,77;364,12;400,65;79,44;74,7;3,98;35,11;39,2;10,87;307,25
2020-10-22;339,59;364,75;403,62;79,5;74,8;3,99;35,15;39,43;10,89;307,94
2020-10-26;340,72;365,01;403,37;79,7;74,9;4,04;35,27;38,43;10,91;309,07
2020-10-27;339,98;365,06;402,62;79,56;74,88;4,04;35,33;37,89;10,9;309,14
2020-10-28;342,58;367,04;405,25;79,5;75,28;4;35,53;37,65;11;312,4
2020-10-29;345,15;369,03;409,47;79,65;75,69;3,96;35,51;37,84;11,07;314,71
2020-10-30;343,89;367,75;408,23;79,61;75,46;3,98;35,43;37,74;11,08;315,04
2020-11-02;343,59;366,85;406,91;79,63;75,4;3,92;35,47;37,55;11,02;315,14
2020-11-03;339,01;363,03;403,22;79,4;74,58;3,9;34,99;36,58;10,87;310,36
2020-11-04;340,63;364,12;404,53;79,97;74,82;3,94;35,11;36,66;10,94;311,85
2020-11-05;336,19;359,97;398,17;79,55;73,95;3,93;34,95;36,06;10,75;305,16
2020-11-06;335,58;358,77;397,69;79,24;73,7;3,9;34,84;35,57;10,77;302,63
2020-11-09;334,84;358,02;395,8;79,73;73,54;3,91;34,94;37,05;10,73;301,49
2020-11-10;331,96;359,03;402,88;79,67;73,76;3,98;35,19;37;10,82;304,11
2020-11-11;328,28;355,22;399,4;79,19;72,94;3,96;34,86;37,25;10,7;301,16
2020-11-12;328,85;354,94;396,27;79,09;72,9;3,91;34,89;38,32;10,66;300,57
2020-11-13;328,8;355,35;395,83;79,01;72,96;3,89;34,71;39,33;10,69;300,46
2020-11-16;331,76;358,08;398,22;79,99;73,5;3,93;34,91;39,14;10,75;302,3
2020-11-17;334,38;361,4;402,69;80,42;74,16;3,98;35,38;39,12;10,83;304,49
2020-11-18;334,01;361,31;403,95;80,76;74,13;4,02;35,38;39,36;10,8;303,88
2020-11-19;334,32;361,4;403,53;80,65;74,14;3,99;35,33;39,79;10,82;305,47
2020-11-20;332,51;359,23;402,16;80,39;73,71;3,97;35,14;39,94;10,68;302,92
2020-11-23;333,14;360,33;405,44;80,66;73,93;4;35,29;39,16;10,69;303,36
2020-11-24;333,25;360,94;405,86;80,74;74,06;4;35,4;38,26;10,7;303,72
2020-11-25;332,35;360,96;404,56;80,74;74,06;4,02;35,56;38,11;10,68;303,2
2020-11-26;333,8;361,16;405,36;80,71;74,09;4,01;35,51;38,43;10,66;303,39
2020-11-27;334,11;361,2;404,71;80,55;74,11;3,99;35,54;38,91;10,64;302,97
2020-11-30;332,61;360,09;400,41;80,42;73,88;3,95;35,47;38,63;10,54;300,45
2020-12-01;329,08;357,37;398,38;79,83;73,35;3,92;35,01;37,93;10,44;298,28
2020-12-02;328,69;356,9;395,12;79,95;73,24;3,91;34,82;37,81;10,42;296,08
2020-12-03;331,54;359,01;397,31;80,17;73,68;3,95;34,91;37,84;10,47;296,43
2020-12-04;330,55;358,62;397,34;80,17;73,59;3,97;34,92;37,97;10,42;294,72
2020-12-07;333,24;360,06;395,01;80,44;73,89;4;35,05;37,95;10,55;297,72
2020-12-08;334,62;360,9;397,45;80,6;74,06;4,07;35,42;38,14;10,6;297,58
2020-12-09;332,32;357,92;396,92;80,52;73,54;4,03;34,9;37,69;10,54;295,17
2020-12-10;330,53;355,72;391,34;80,31;73,04;4;34,67;37,4;10,47;293,84
2020-12-11;329,42;354,23;386,41;79,81;72,71;3,99;34,51;36,67;10,44;292,29
2020-12-14;328,46;353,65;390,04;79,6;72,57;3,99;34,51;36,88;10,44;290,88
2020-12-15;329,05;354,48;388,27;79,72;72,79;3,97;34,71;37,2;10,51;291,54
2020-12-16;329,66;355,34;393,51;80,13;72,98;3,97;34,94;37,39;10,49;291,12
2020-12-17;329,27;355,47;394,75;80,15;73;3,99;34,96;37,46;10,45;290,58
2020-12-18;329,82;357,57;393,88;80,42;73,46;3,97;35,32;37,93;10,48;291,89
2020-12-21;333,73;361,08;392,01;79,95;74,13;3,95;35,44;38,79;10,56;296,55
2020-12-22;333,95;361,58;397,28;80,28;74,33;3,92;35,77;38,78;10,49;296,21
2020-12-23;334,14;362,34;398,75;80,43;74,38;3,94;35,83;38,89;10,44;297,15
2020-12-28;333,82;363,46;402,19;80,99;74,57;4,02;36;39,75;10,46;296,73
2020-12-29;335,31;363,73;400,04;80,74;74,6;4,04;36,1;40,15;10,5;296,92
2020-12-30;335,85;364,59;403,45;80,53;74,76;3,99;36,34;40,45;10,51;297,16
2020-12-31;337,41;365,13;406,16;79,29;74,99;3,96;36,38;39,7;10,49;297,36
2021-01-04;333,69;360,9;401,44;79,33;74,13;4,02;35,92;39,92;10,32;293,58
2021-01-05;334,48;361,29;399,56;79,5;74,16;3,93;35,86;39,84;10,37;294,38
2021-01-06;330,26;357,27;395,09;79,2;73,37;3,93;35,57;39,49;10,23;289,57
2021-01-07;329,29;356,78;395,34;79,32;73,26;3,93;35,42;40,04;10,29;290,8
2021-01-08;331,78;359,7;399,76;79,62;73,86;3,95;35,77;39,92;10,4;293,92
2021-01-11;333,17;360,6;399,96;79,53;74;3,98;35,81;39,79;10,51;296,42
2021-01-12;333,18;360,6;403,33;79,73;74,03;4;35,8;39,69;10,58;296,5
2021-01-13;332,22;359,37;403,59;79,38;73,74;3,99;35,6;39,67;10,54;294,81
2021-01-14;333,11;359,62;403,54;79,23;73,79;4,03;35,57;40,06;10,53;295,57
2021-01-15;333,55;359,3;403,76;79,02;73,73;4,04;35,49;40,01;10,55;295,99
2021-01-18;335,37;360,63;404,49;79,3;73,99;4,02;35,48;39,84;10,61;298,98
2021-01-19;333,8;359,27;403,41;79,24;73,71;4,02;35,53;39,87;10,54;296,45
2021-01-20;331,46;357,23;403,3;78,96;73,3;4,01;35,23;39,57;10,43;294,57
2021-01-21;331,53;357,25;404,05;78,85;73,28;4;35,37;39,79;10,4;294,2
2021-01-22;331,19;356,81;400,57;78,63;73,18;3,93;35,36;39,58;10,42;293,07
2021-01-25;331,56;357,32;402,2;78,65;73,3;3,9;35,52;39,7;10,43;294,16
2021-01-26;332,18;358,3;403,5;78,75;73,5;3,91;35,54;39,99;10,49;295,41
2021-01-27;334,05;359,78;407,65;79,13;73,81;3,95;35,63;40,34;10,54;296,8
2021-01-28;334,51;360,38;406,24;79,21;73,91;3,91;35,53;40,42;10,55;297,61
2021-01-29;332,66;358,51;404,4;79,01;73,49;3,88;35,4;40,35;10,52;295,87
2021-02-01;329,53;356,6;404,84;79;73,14;3,9;35,14;40,88;10,51;294,86
2021-02-02;328,42;355,2;402,85;78,87;72,86;3,88;34,97;41,12;10,49;294,33
2021-02-03;329,38;355,94;403,78;79,26;73,06;3,89;35,13;41,34;10,58;296,05
2021-02-04;328,97;355,81;403,24;79,11;72,98;3,94;35,13;41,57;10,65;296,83
2021-02-05;329,6;356,44;407,44;79,24;73,1;3,97;35,26;42;10,72;297,6
2021-02-08;330,48;358,19;408,19;79,82;73,48;4;35,46;42,11;10,77;297,8
2021-02-09;331,55;358,78;408,29;80,14;73,58;4;35,46;41,8;10,72;296,27
2021-02-10;331,37;358,09;408,76;79,91;73,44;4;35,57;41,88;10,64;295,45
2021-02-11;330,42;356,76;406,93;79,23;73,2;3,99;35,36;41,74;10,57;294,11
2021-02-12;332,5;359,3;409,15;79,8;73,68;4;35,63;42,2;10,66;296,72
2021-02-15;332,22;359,12;411,26;80,08;73,66;4,04;35,76;42,47;10,58;295,91
2021-02-16;331,16;357,65;409,89;79,66;73,34;4,01;35,63;42,49;10,58;294,27
2021-02-17;332,5;359,05;413,11;79,75;73,61;4,04;35,75;42,46;10,67;297,52
2021-02-18;331,44;358,8;413,81;79,99;73,59;4,03;35,75;42,7;10,67;297,17
2021-02-19;330,54;358,65;413,5;79,88;73,55;4;35,7;42,39;10,62;295,57
2021-02-22;329,89;359,24;415,8;79,9;73,67;3,97;35,81;42,31;10,63;296,7
2021-02-23;329,01;359,61;417,04;79,74;73,72;3,99;35,66;42,11;10,62;295,98
2021-02-24;325,71;359,23;418,27;79,53;73,67;4,01;35,63;41,28;10,57;295,35
2021-02-25;325,22;360,17;417,75;79,8;73,92;4,01;35,84;40,91;10,56;294,71
2021-02-26;329,23;361,01;415,11;79,88;74,06;3,99;35,71;40,46;10,65;297,72
2021-03-01;330,56;362,82;420,32;80,21;74,4;4,06;35,63;41,11;10,75;301,37
2021-03-02;329,92;363,85;420,24;80,19;74,63;4,06;35,87;41,29;10,84;303,03
2021-03-03;328,2;363,55;420,02;80,1;74,55;4,08;35,92;40,82;10,81;300,4
2021-03-04;328,27;364,56;422,03;80,05;74,75;4,1;35,85;40,53;10,92;302,99
2021-03-05;330,56;366,42;424,57;80,04;75,03;4,11;36;40,79;11,09;307,19
2021-03-08;331,77;367,75;428,4;80,08;75,28;4,15;36,12;40,5;11,15;309,74
2021-03-09;329,77;366,4;427,67;79,93;74,99;4,16;36,11;40,37;11,1;307,74
2021-03-10;331,68;366,83;428,76;80,24;75,06;4,17;36,19;40,64;11,12;308,26
2021-03-11;330,8;366,12;426,93;79,94;74,91;4,16;36,21;41,05;11,03;306,02
2021-03-12;330,17;366,38;427,68;79,82;75;4,17;36,09;40,4;11,08;307,42
2021-03-16;331,94;367,34;425,82;79,95;75,19;4,22;36,22;40,94;11,13;307,94
2021-03-17;333,05;367,46;428,85;79,77;75,19;4,22;36,25;41,14;11,13;308,5
2021-03-18;332,8;367,71;429,87;79,54;75,24;4,18;36,23;41,23;11,12;307,91
2021-03-19;333,2;368,25;431,11;79,66;75,37;4,18;36,24;42,57;11,16;309,64
2021-03-22;332,96;367,33;427,63;79,64;75,19;4,14;36,14;39,09;11,15;308,65
2021-03-23;332,13;366,9;425,06;79,62;75,05;4,05;36,03;39,5;11,13;308,55
2021-03-24;330,27;365,62;424,19;79;74,78;4,07;35,89;38,81;11,08;308,93
2021-03-25;329,97;364,71;423,1;78,66;74,63;4,06;35,81;38,83;11,05;308,79
2021-03-26;328,44;364,13;425,86;78,57;74,5;4,07;35,76;38,48;11,04;308,77
2021-03-29;328,45;362,72;425,69;77,9;74,15;4,06;35,46;37,9;11,02;308,25
2021-03-30;328,14;363,11;425,78;78,07;73,9;4,08;35,44;37,14;11,09;309,14
2021-03-31;328,73;363,73;426,8;78,01;73,84;4,1;35,56;37,14;11,13;309,66
2021-04-01;325,94;361,93;425,13;78,27;73,66;4,07;35,27;37,76;11,09;308,6
2021-04-06;326,16;361,4;423,81;78,47;73,5;4;35,14;37,52;10,99;305,91
2021-04-07;326,3;360,45;419,44;78,56;73,3;3,91;35,19;37,17;10,88;303,26
2021-04-08;325,44;358,7;414,4;78,69;72,89;3,91;35,15;36,98;10,8;301,91
2021-04-09;325,91;358,67;413,8;78,98;72,86;3,91;35,27;37,04;10,82;301,76
2021-04-12;324,7;357,09;412,89;78,77;72,55;3,88;35,06;36,67;10,75;300,48
2021-04-13;325,9;358,57;414,48;78,56;72,84;3,9;35,21;37;10,76;301,29
2021-04-14;326,31;358,94;413,77;78,78;72,88;3,97;35,36;37,15;10,73;299,94
2021-04-15;324,67;358,91;412,78;78,82;72,87;3,91;35,42;37,2;10,72;299,57
2021-04-16;327,54;360,84;414,5;79,39;73,23;3,98;35,72;37,34;10,77;301,3
2021-04-19;328,53;361,31;416,96;79,42;73,33;3,94;35,82;37,31;10,73;300,47
2021-04-20;326,98;360,97;418,19;79,23;73,22;3,93;35,68;36,87;10,68;299,09
2021-04-21;328,45;362,16;420,17;79,47;73,49;3,92;35,64;37,04;10,74;301,65
2021-04-22;329,68;363,21;419,78;79,71;73,73;3,95;35,88;36,41;10,75;302,02
2021-04-23;329,24;363,4;418,15;79,59;73,79;4,01;35,84;36,12;10,79;301,35
2021-04-26;328,85;363,85;418,12;79,85;73,9;4,02;35,92;36,16;10,8;300,7
2021-04-27;328,4;363,11;417,34;79,6;73,7;4,01;35,77;36,46;10,85;301,11
2021-04-28;327,26;362,01;416,15;78,99;73,46;4,01;35,79;36,57;10,79;299,8
2021-04-29;327,37;361,1;415,53;78,87;73,3;4,01;35,69;36,48;10,75;298,04
2021-04-30;326,85;359,59;413,48;78,76;72,98;3,96;35,38;36,13;10,72;297,3
2021-05-03;327,61;360,21;414,3;79,04;73,12;3,96;35,43;36,03;10,75;298,98
2021-05-04;328,06;360,45;416,47;79,14;73,17;3,99;35,43;36,07;10,8;300,27
2021-05-05;327,84;360,08;417,01;78,71;73,08;4,02;35,32;35,9;10,82;300,14
2021-05-06;327,23;358,72;414,17;78,29;72,81;3,99;35,2;35,82;10,74;297,94
2021-05-07;326,88;358,54;413,03;78,34;72,78;4;35,35;35,8;10,68;296,61
2021-05-10;326,97;358,2;414,71;78,48;72,71;3,99;35,4;35,68;10,61;294,31
2021-05-11;327;358,71;417,02;78,62;72,79;3,99;35,47;35,57;10,65;294,92
2021-05-12;325,99;357,81;416,99;78,75;72,62;3,98;35,37;35,43;10,67;294,86
2021-05-13;325,7;356,91;415,15;78,57;72,43;3,98;35,03;34,83;10,7;295,9
2021-05-14;325,47;356,16;413,2;78,58;72,31;3,97;35,1;34,81;10,64;293,74
2021-05-17;321,65;352,47;409,24;77,81;71,55;3,93;34,76;34,68;10,53;290,1
2021-05-18;320,2;350,99;408,24;77,54;71,25;3,9;34,61;34,43;10,48;287,25
2021-05-19;319,58;351,47;408;77,6;71,33;3,9;34,6;34,18;10,49;287,69
2021-05-20;318,22;349,76;404,94;77,41;70,99;3,89;34,38;34,24;10,45;286,97
2021-05-21;318,75;349,51;406,15;77,75;70,94;3,89;34,49;34,21;10,41;285,92
2021-05-25;318,06;348,42;403,19;77,76;70,74;3,87;34,45;33,84;10,35;284,22
2021-05-26;319,73;350,32;405,16;77,98;71,12;3,9;34,52;33,86;10,38;286,19
2021-05-27;318,96;349,16;404,59;77,61;70,99;3,9;34,46;33,99;10,42;286,62
2021-05-28;317,69;348;405,13;77,61;70,75;3,88;34,4;33,34;10,38;285,32
2021-05-31;317,19;348,24;404,5;77,7;70,76;3,89;34,4;33,66;10,39;285,44
2021-06-01;315,91;347,32;402,88;77,61;70,6;3,87;34,38;33,29;10,35;283,94
2021-06-02;315,78;346,38;401,97;77,59;70,4;3,87;34,33;32,96;10,39;284,36
2021-06-03;315,68;346,43;403,02;77,67;70,37;3,88;34,31;32,94;10,4;284,24
2021-06-04;317,09;347,35;405,13;77,62;70,55;3,91;34,33;32,99;10,51;286,78
2021-06-07;315,98;345,64;401,94;77,54;70,21;3,9;34,38;33,02;10,46;284,22
2021-06-08;318,05;347,37;403,46;77,75;70,56;3,93;34,45;33,16;10,5;285,29
2021-06-09;317,69;347,05;403,92;77,95;70,47;3,95;34,45;33,17;10,51;284,75
2021-06-10;317,55;346,3;401;77,29;70,35;3,94;34,38;33,31;10,5;284,62
2021-06-11;317,56;346,08;402,68;77,39;70,32;3,97;34,42;34,09;10,53;284,44
2021-06-14;321,55;350,14;407,18;77,8;71,18;4;34,71;34,6;10,71;289,11
2021-06-15;322,56;351,26;407,93;77,59;71,35;4,03;34,85;33,79;10,76;289,56
2021-06-16;322,31;351,14;408,31;77,55;71,31;4,02;34,71;33,95;10,72;289,5
2021-06-17;324,08;353,79;413,87;78,04;71,83;4,08;34,75;34,28;10,91;296,11
2021-06-18;324,74;355,38;414,05;78,1;72,13;4,13;34,82;34,38;10,97;298,31
2021-06-21;323,84;354,72;412,82;78,07;72;4,08;34,69;34,02;10,94;298,26
2021-06-22;323,29;353,85;412,48;78,02;71,83;4,07;34,8;33,95;10,89;297,43
2021-06-23;318,6;349,28;408,9;77,27;70,91;4,03;34,53;33,97;10,73;292,7
2021-06-24;318,59;349,51;409,42;77,16;70,96;4,06;34,57;33,82;10,69;293,07
2021-06-25;320,88;351,33;409,22;77,94;71,32;4,07;34,76;33,84;10,74;294,15
2021-06-28;320,33;351,1;409,44;77,87;71,28;4,08;34,75;33,7;10,76;294,03
2021-06-29;320,29;351,13;408,22;77,83;71,26;4,07;34,57;33,81;10,86;295,02
2021-06-30;320,77;351,9;409,57;77,86;71,42;4,04;34,76;34,04;10,87;296,04
2021-07-01;320,05;351,31;408,7;77,73;71,3;4,06;34,58;34,14;10,82;296,59
2021-07-02;321,13;351,76;409,07;77,76;71,39;4,04;34,59;34,17;10,85;297,4
2021-07-05;321,2;351,44;410,03;77,98;71,33;4,04;34,63;34,09;10,85;296,05
2021-07-06;323,23;353,54;413,59;78,51;71,78;4,07;34,9;34,46;10,95;298,47
2021-07-07;324,56;354,33;412,92;78,42;71,91;4,03;34,94;34,5;10,99;299,67
2021-07-08;330,04;358,1;417,55;78,84;72,67;4,03;35,16;34,78;11,1;302,88
2021-07-09;328,59;355,98;414,52;78,28;72,24;4,04;34,94;34,65;11,01;300,86
2021-07-12;327,35;355,34;414,91;77,97;72,12;4,01;34,87;34,65;10,97;299,36
2021-07-13;328,44;356,35;416,86;78,04;72,33;4,07;35,01;34,84;11,01;300,72
2021-07-14;331,14;358,65;421,4;78,16;72,77;4,1;35,12;35,25;11,14;304,35
2021-07-15;332,05;358,94;419,41;78,47;72,83;4,09;35,13;35,36;11,1;302,93
2021-07-16;330,71;359,29;421,33;78,39;72,88;4,1;35,1;35,75;11,16;303,99
2021-07-19;331,99;360,09;419,4;78,51;73,08;4,11;35,07;35,54;11,24;305,86
2021-07-20;331,98;359,55;416,73;78,21;72,97;4,09;35,07;35,62;11,21;304,96
2021-07-21;331,51;359,73;416,16;78,25;73;4,11;35,13;35,64;11,21;305,35
2021-07-22;331,58;359,01;417,89;78,44;72,89;4,13;35,08;35,57;11,2;304,32
2021-07-23;330,99;358,76;418,36;78,44;72,88;4,13;35,11;35,61;11,27;304,68
2021-07-26;334,04;361,48;422,33;78,83;73,44;4,14;35,33;35,74;11,37;306,75
2021-07-27;334,91;361,8;423,26;78,73;73,53;4,16;35,52;35,84;11,42;307,18
2021-07-28;332,49;359,25;421,99;78,18;73,04;4,14;35,23;35,51;11,32;303,7
2021-07-29;332,67;358,81;421,7;78,22;72,9;4,13;35,22;35,49;11,23;302,1
2021-07-30;331,87;357,62;419,79;78,26;72,67;4,11;35,15;35,69;11,2;300,34
2021-08-02;331,55;356,85;417,98;78,21;72,55;4,12;34,93;35,69;11,18;300,25
2021-08-03;330,41;355,16;415,83;78,03;72,2;4,1;34,86;35,91;11,14;298,86
2021-08-04;330,55;354,8;417,16;78,04;72,13;4,11;34,79;35,45;11,13;299,38
2021-08-05;329,95;354,07;416,2;77,71;72,01;4,09;34,74;35,01;11,1;299,1
2021-08-06;329,22;353,07;416,05;77,61;71,83;4,09;34,67;34,86;11,15;298,93
2021-08-09;328,94;354,46;417,87;77,54;72,13;4,1;34,73;34,81;11,24;301,54
2021-08-10;326,24;352,58;416,61;77,18;71,72;4,08;34,5;34,76;11,24;300,5
2021-08-11;327,83;354,73;418,21;77,35;72,17;4,09;34,72;35,05;11,29;302,85
2021-08-12;326,33;353,21;416,87;76,93;71,86;4,1;34,71;35,09;11,24;300,71
2021-08-13;325,54;352,69;414,47;77,13;71,79;4,09;34,59;35,17;11,25;300,34
2021-08-16;327;351,86;413,78;77,07;71,64;4,07;34,47;35,21;11,21;298,52
2021-08-17;328,13;351,93;412,68;77,04;71,5;4,07;34,53;35,5;11,2;298,83
2021-08-18;328,04;351,13;412,15;77,05;71,28;4,08;34,28;35,3;11,24;299,57
2021-08-19;328,28;351,48;411,32;76,67;71,31;4,06;34,24;35,24;11,29;300,74
2021-08-23;326,45;350,07;407,45;76,3;70,96;4,03;34,1;35,23;11,18;298,41
2021-08-24;326;349,17;408,08;76,14;70,84;4,02;34,17;35,29;11,15;297,67
2021-08-25;323,73;347,35;405,88;76,03;70,47;4,01;34;35,23;11,06;295,57
2021-08-26;323,36;348,83;407,44;76,21;70,72;4,01;34,07;35,46;11,08;296,62
2021-08-27;324,95;350,73;408,96;76,56;71,06;4,03;34,23;35,58;11,08;298,47
2021-08-30;322,32;348,25;406,21;76,21;70,58;4,01;34,13;35,38;10,99;295,15
2021-08-31;322,4;348,48;405,9;76,76;70,59;4,02;34,27;35,46;10,96;294,77
2021-09-01;321,4;348,43;405,67;77,1;70,6;4,03;34,17;35,52;10,92;294,88
2021-09-02;320,06;347,15;404;77,02;70,29;4,03;34,06;35,41;10,85;293,05
2021-09-03;321,01;348,49;406,02;77,22;70,53;4,03;34,23;35,26;10,9;293,47
2021-09-06;319,79;347,41;405,34;76,96;70,25;4,01;34,18;35,32;10,92;292,83
2021-09-07;320,32;347,79;404,59;76,95;70,27;4;34,27;35,25;10,95;292,8
2021-09-08;321,72;349,84;407,35;77,45;70,72;4,03;34,31;35,19;11,07;295,95
2021-09-09;323,04;351,36;410,09;77,52;71,02;4,06;34,43;35;11,12;296,91
2021-09-10;323,73;351,1;411,26;77,16;71,02;4,07;34,45;35,24;11,1;296,34
2021-09-13;321,98;349,77;409,91;77,06;70,72;4,06;34,32;35,08;11,12;296,67
2021-09-14;320,95;349,72;410,26;76,77;70,65;4,06;34,5;35,04;11,11;295,85
2021-09-15;321,96;349,49;408,87;76,81;70,61;4,06;34,42;35,02;11,09;295,53
2021-09-16;320,83;348,9;409,69;76,28;70,51;4,09;34,37;35,09;11,12;296,38
2021-09-17;321,79;351,42;411,67;76,74;71,02;4,11;34,64;34,76;11,18;298,4
2021-09-20;324,3;353,75;413,08;76,9;71,48;4,12;34,6;34,82;11,31;302,09
2021-09-21;324,88;352,89;411,56;76,46;71,3;4,11;34,72;34,89;11,26;300,74
2021-09-22;327,32;354,3;411,79;76,49;71,59;4,14;34,8;34,94;11,32;301,92
2021-09-23;328,18;355,39;414,03;77,23;71,81;4,17;35,05;35,09;11,42;303,21
2021-09-24;328,88;356,68;416,89;77,36;72,06;4,17;35,2;34,47;11,41;303,92
2021-09-27;329,6;357,71;419,31;77,85;72,27;4,21;35,18;34,56;11,49;306
2021-09-28;331,6;359,41;420,7;77,81;72,61;4,24;35,25;34,67;11,57;307,69
2021-09-29;331,57;359,47;416,12;77,64;72,63;4,24;35,23;34,83;11,6;308,19
2021-09-30;332,47;360,52;417,5;77,81;72,88;4,27;35,35;34,96;11,67;310,66
2021-10-01;332,9;359,21;418;78,19;72,58;4,25;35,35;34,98;11,65;310,23
2021-10-04;330,17;356,21;415,93;77,92;71,99;4,21;35,12;34,56;11,54;306,73
2021-10-05;332,25;357,05;419,26;77,57;72,15;4,24;35,26;34,77;11,65;307,83
2021-10-06;334,88;359,87;422,1;77,91;72,71;4,29;35,36;34,93;11,83;311,47
2021-10-07;334,43;358,42;421,3;78,81;72,43;4,29;35,29;34,92;11,78;310,05
2021-10-08;334,42;359,46;423,11;78,21;72,63;4,32;35,39;34,87;11,8;311,11
2021-10-11;337,31;361,58;426,53;78,39;73,06;4,37;35,72;34,91;11,86;312,52
2021-10-12;335,46;359,89;423,36;78,47;72,69;4,33;35,57;34,53;11,81;311,27
2021-10-13;335,83;360,34;424,95;78,67;72,81;4,34;35,59;34,56;11,84;311,82
2021-10-14;336,51;359,77;424,72;78,57;72,67;4,32;35,9;33,84;11,74;309,72
2021-10-15;335,79;359,76;425,41;78,65;72,65;4,36;35,9;33,72;11,75;310
2021-10-18;336,36;360,86;427,52;78,97;72,93;4,37;35,99;33,55;11,83;311,6
2021-10-19;335,81;359,99;425,88;78,76;72,75;4,35;35,92;33,24;11,75;308,74
2021-10-20;337,48;362,88;430,04;79,15;73,31;4,4;36,2;33,45;11,91;312,1
2021-10-21;337,8;361,65;428,81;78,72;73,12;4,37;36,16;33,49;11,85;310,64
2021-10-22;340,21;363,24;430,89;78,84;73,41;4,42;36,39;32,46;11,87;312,01
2021-10-25;340,97;364,46;430,81;79,2;73,68;4,47;36,44;32,14;11,88;312,84
2021-10-26;341,6;365,36;433,88;79,2;73,85;4,54;36,53;33,38;11,91;314,75
2021-10-27;343,15;365,34;432,38;79,13;73,85;4,5;36,56;33,16;11,95;315,08
2021-10-28;341,75;363,84;431,65;78,67;73,5;4,46;36,54;32,68;11,93;313,93
2021-10-29;339,62;360,8;426,48;78,05;72,88;4,39;36,27;32,25;11,78;309,67
2021-11-02;340,56;360,22;423,67;78,06;72,77;4,32;36,47;32,55;11,81;310,56
2021-11-03;340,01;359,09;422,1;78,06;72,55;4,31;36,21;31,88;11,81;309,75
2021-11-04;341,59;360,19;424,88;78,33;72,79;4,35;36,39;32,14;11,91;311,77
2021-11-05;340,8;359,88;418,81;78,11;72,7;4,35;36,33;32,13;11,95;311,8
2021-11-08;340,23;359,87;419,92;78,31;72,71;4,36;36,2;32,1;11,94;311,28
2021-11-09;342,24;362,23;424,97;78,87;73,18;4,4;36,56;32,17;11,97;312,43
2021-11-10;342,24;361,53;422,68;78,58;73,06;4,42;36,3;31,8;11,98;312,26
2021-11-11;345,88;365,15;426,59;78,86;73,79;4,48;36,55;32,05;12,21;318,52
2021-11-12;346,25;365,43;427,77;78,75;73,86;4,43;36,5;32,17;12,23;319,35
2021-11-15;348,39;367,08;430,18;79,19;74,17;4,43;36,62;32,03;12,16;320,62
2021-11-16;347,04;365,64;433,35;78,42;73,88;4,43;36,5;31,6;12,19;321,81
2021-11-17;346,52;365,24;433,65;78,38;73,81;4,43;36,41;30,94;12,17;322,85
2021-11-18;346,08;363,66;433,01;78,07;73,47;4,4;36,19;30,09;12,13;320,89
2021-11-19;348,95;365,03;433,97;77,94;73,77;4,41;36,17;29,14;12,15;323,06
2021-11-22;353,18;369,86;440,28;78,37;74,72;4,43;36,53;29,31;12,31;327,86
2021-11-23;353,82;371,35;441,24;78,71;75,03;4,4;36,71;26,85;12,27;329,8
2021-11-24;351,18;368,29;438,81;78,69;74,42;4,4;36,21;25,94;12,21;328,6
2021-11-25;349,94;366,69;435,62;78,58;74,06;4,38;35,99;27,39;12,1;326,7
2021-11-26;352,29;367,69;434,63;78,24;74,27;4,31;35,7;26,85;12,05;326,4
2021-11-29;353,19;368,63;435,72;78,46;74,48;4,35;35,74;25,87;12,03;326,63
2021-11-30;351,6;366,83;431,39;78,31;74,1;4,32;35,71;24,85;11,88;322,8
2021-12-01;349,89;364,35;428,23;78,37;73,63;4,35;35,65;24,55;11,81;321,69
2021-12-02;347,43;362,22;426,09;78,75;73,19;4,33;35,24;23,83;11,73;319,84
2021-12-03;349,47;363,51;427,44;79,19;73,43;4,37;35,32;23,35;11,78;321,72
2021-12-06;349,19;363,94;427,18;79,31;73,55;4,37;35,38;23,38;11,76;322,16
2021-12-07;351,06;365,65;429,94;79,49;73,87;4,36;35,72;23,66;11,86;324,24
2021-12-08;352,48;367,62;431,4;80,05;74,3;4,42;35,85;23,8;11,97;325,76
2021-12-09;350,64;365,85;426,84;79,17;73,91;4,39;35,7;23,5;11,93;323,22
2021-12-10;350,89;365,75;427,96;79,28;73,89;4,41;35,73;23,27;12,01;324,19
2021-12-13;351,65;366,51;430,81;79,31;74,05;4,43;35,76;22,78;12,11;325,24
2021-12-14;352,79;367,03;429,42;79,05;74,16;4,41;35,66;22,75;12,04;324,78
2021-12-15;353,94;368,76;433,8;79,78;74,49;4,43;35,86;22,31;12,02;327,15
2021-12-16;352,89;368,92;433,41;79,68;74,51;4,44;36,01;21,46;11,98;326,07
2021-12-17;353,38;367,71;432,04;79,35;74,28;4,4;35,89;19,49;11,9;324,4
2021-12-20;352,76;367,12;429,77;79,14;74,15;4,39;35,68;18,63;11,94;325,95
2021-12-21;353,82;367,98;431,57;79,57;74,35;4,41;35,69;25,91;11,96;325,76
2021-12-22;352,73;367,94;433,26;79,56;74,35;4,42;35,71;25,96;11,97;326,1
2021-12-23;354,67;369,52;437,51;79,71;74,64;4,45;35,84;28,57;11,96;326,4
2021-12-27;356,93;371,2;439,93;80,34;74,98;4,47;35,99;29,02;12,04;328,23
2021-12-28;355,84;369,52;438,49;80,3;74,64;4,43;35,97;27,48;11,99;326,09
2021-12-29;356,42;369,55;439,44;80,38;74,64;4,45;36,06;26,52;12,05;327,62
2021-12-30;356,38;369,71;440,3;80,52;74,69;4,37;36,1;25,25;11,98;327,12
2021-12-31;356,9;369;440,03;80,3;74,56;4,35;36;24,3;11,93;325,71
2022-01-03;355,12;367,66;437,81;80,13;74,31;4,36;35,75;24,08;11,87;323,87
2022-01-04;352,26;365,44;436,9;79,91;73,84;4,32;35,57;24,41;11,84;323,34
2022-01-05;349,27;361,71;432,95;79,21;73,1;4,22;35,26;23,79;11,65;319,9
2022-01-06;347,68;361,12;431,55;79,06;73,05;4,17;34,97;23,35;11,62;319,41
2022-01-07;344,73;359,36;430,51;78,85;72,69;4,2;34,83;22,93;11,55;317,6
2022-01-10;343,05;357,88;429,15;78,87;72,38;4,22;34,76;23,01;11,49;315,95
2022-01-11;340,42;357,39;429,13;78,63;72,28;4,21;34,69;22,76;11,46;315,33
2022-01-12;339,32;356,11;426,88;78,56;72,02;4,21;34,66;22,77;11,31;313,26
2022-01-13;339,23;355,15;425,27;78,45;71,81;4,15;34,69;22,77;11,16;309,58
2022-01-14;339,81;354,74;425,24;78,19;71,78;4,07;34,57;22,83;11,07;309,6
2022-01-17;340,99;355,89;426,17;78,7;72;4,07;34,51;23,07;11,07;311,53
2022-01-18;342,27;356,74;426,59;78,8;72,13;4,08;34,55;23,12;11,01;313,07
2022-01-19;343,26;356,48;427,97;78,73;72,1;4,11;34,43;23,15;11,06;314,36
2022-01-20;343,64;357,05;428,79;78,98;72,2;4,11;34,53;23,37;11,11;314,64
2022-01-21;345,05;357,02;427,23;78,8;72,2;4,11;34,35;23,49;11,13;314,86
2022-01-24;347,41;358,7;428,34;79,08;72,52;4,06;34,4;23,65;11,17;316,7
2022-01-25;347,49;360,52;430,63;78,72;72,92;4,07;34,42;23,6;11,14;319,41
2022-01-26;346,27;359,65;430,48;78,3;72,73;4,04;34,44;23,58;11,06;318,64
2022-01-27;345,42;358,69;430,12;78,47;72,53;4,07;34,3;23,53;11,05;320,34
2022-01-28;344,63;357,28;429,49;78,16;72,22;4,12;34;23,56;11,15;320,92
2022-01-31;343,92;358,11;430,86;77,9;72,39;4,14;34,19;23,96;11,26;320,46
2022-02-01;342,1;355,5;426,15;77,6;71,87;4,1;34;23,57;11,14;315,69
2022-02-02;341,9;355,25;425,96;78,1;71,82;4,12;34,11;23,36;11,08;314,55
2022-02-03;340,72;354,66;426,1;78,04;71,69;4,1;34,09;23,13;11,11;314,28
2022-02-04;335,69;354,51;419,61;77,96;71,65;4,07;33,92;22,81;11;309,24
2022-02-07;334,22;353,14;417,81;77,53;71,39;4,09;33,76;22,8;11,04;309,12
2022-02-08;335,74;353,69;420,23;78,13;71,5;4,11;33,96;22,72;11,07;310,09
2022-02-09;334,58;353,15;419,35;78,19;71,39;4,13;33,9;22,75;11,04;309,05
2022-02-10;334,5;353,52;419,28;78,77;71,49;4,13;33,75;22,81;11,09;308,91
2022-02-11;334,82;353,69;421,09;78,35;71,53;4,14;33,36;23,05;11,07;310,61
2022-02-14;341,44;357;426,46;77,99;72,19;4,08;33,5;23,26;11,05;315,59
2022-02-15;338,65;355,52;424,61;78,8;71,92;4,14;33,65;23;11,12;313,32
2022-02-16;337,04;354,49;422,57;78,93;71,77;4,14;33,62;22,86;11,09;311,56
2022-02-17;340,15;356,14;426,45;79;72,04;4,13;33,63;23,01;11,06;313,45
2022-02-18;340,41;356,35;426,98;78,72;72,08;4,14;33,68;22,99;11,06;313,38
2022-02-21;341,4;356,11;427,31;78,79;72,01;4,07;33,5;22,99;11;313,37
2022-02-22;343,48;357,14;428,44;78,61;72,21;3,95;33,6;22,94;10,9;315,52
2022-02-23;341,2;356,55;427,12;78,61;72,09;3,95;33,69;22,75;10,73;313,97
2022-02-24;352,78;364,45;436,67;78,65;73,63;3,86;34,01;22,89;10,87;325,05
2022-02-25;355,41;368,17;440,37;78,97;74,4;3,94;34,6;23,39;10,96;329,25
2022-02-28;358,55;369,8;442,48;78,82;74,74;3,3;34,77;23,9;11,01;330,8
2022-03-01;362,95;372,46;446,2;78,81;75,27;3,53;34,83;23,89;11,07;332,64
2022-03-02;374,32;380,47;456,85;79,22;76,88;2,9;35,25;24,39;11,42;343,29
2022-03-03;371,27;378,42;457;78,9;76,46;3,23;35,19;24,16;11,37;341,53
2022-03-04;377,12;381,71;461,04;78,96;77,11;3,08;35,35;24,34;11,53;346,54
2022-03-07;395,79;397,31;481,96;79,96;80,26;2,68;36,56;25,51;12,18;365,95
2022-03-08;383,79;388,08;467,64;78,94;78,4;2,61;35,83;24,59;11,86;356,43
2022-03-09;376,44;383,18;459,36;79,06;77,4;2,58;35,57;23,85;11,62;349,3
2022-03-10;371,41;380,06;453,36;79,13;76,8;2,71;35,37;23,33;11,71;344,26
2022-03-11;372,98;381,23;454,46;79,52;77,04;2,93;35,76;23,19;11,82;347,58
2022-03-16;360,27;372,2;442,45;79,02;75,21;2,85;35,54;23,03;11,5;338,76
2022-03-17;357,56;371,45;442,65;79,2;75,08;3,27;35,63;22,85;11,35;336
2022-03-18;361,55;373,54;443,87;79,09;75,49;3,33;35,81;22,83;11,41;337,83
2022-03-21;364,04;374,54;445,48;79,83;75,71;3,21;35,92;22,81;11,49;338,74
2022-03-22;362,85;373,46;447,8;79,49;75,48;3,23;35,86;22,91;11,47;339,63
2022-03-23;361,52;371,92;447,37;79,02;75,18;3,27;35,85;22,81;11,5;338,2
2022-03-24;365,98;375,27;450;78,87;75,83;3,53;36,29;23,01;11,62;341,53
2022-03-25;367,85;375,18;448,82;79,06;75,81;3,46;36,28;22,99;11,55;340,92
2022-03-28;362,65;373,15;446,93;79,3;75,39;3,45;35,88;22,87;11,5;339,51
2022-03-29;362;372,57;442,94;78,99;75,3;3,79;35,93;22,86;11,54;339,16
2022-03-30;355,67;367,22;432,52;78,9;74,2;3,91;35,55;22,44;11,2;329,14
2022-03-31;359,13;369,62;435,77;79,4;74,71;4,07;35,78;22,67;11,25;332,09
2022-04-01;359,64;367,52;436,24;79,15;74,32;4,01;35,52;22,62;11,3;332,27
2022-04-04;360,93;368,77;438,8;79,5;74,61;3,98;35,58;22,74;11,38;334,55
2022-04-05;364,67;370,49;443,18;79,97;74,92;4,01;35,95;22,95;11,49;337,79
2022-04-06;371,53;378,43;453,81;81,27;76,53;4,14;36,88;23,51;11,78;346,45
2022-04-07;376,22;381,83;458,88;82,13;77,25;4,41;37,03;23,8;11,94;351,01
2022-04-08;371,24;377,28;452,86;81,26;76,34;4,37;36,71;23,54;11,81;347,18
2022-04-11;372,78;379,99;453,91;81,8;76,89;4,27;36,86;23,63;11,85;348,36
2022-04-12;373,59;378,68;453,32;81,19;76,62;4,14;36,63;23,74;11,81;348,6
2022-04-13;374,45;378,11;453,83;81,41;76,51;4,21;36,6;23,92;11,87;348,91
2022-04-14;368,7;376,08;452,86;80,99;76,05;4,19;36,52;23,59;11,73;344,77
2022-04-19;364,86;373,19;450,21;80,48;75,53;4,33;36,12;23,55;11,69;345,23
2022-04-20;361,07;371,09;446,06;80,14;75,07;4,27;36,19;23,34;11,64;342,33
2022-04-21;358,74;371,6;444,37;79,9;75,18;4,26;36,23;23,17;11,57;340,23
2022-04-22;359,59;371,04;442,82;80,03;75,05;4,36;36,04;23,32;11,69;343,62
2022-04-25;362,31;373,14;442,63;80,44;75,85;4,71;36,07;23,51;11,48;347,24
2022-04-26;366,95;376,14;447,98;81,02;76,03;4,75;36,21;23,81;11,64;352,16
2022-04-27;371,98;380,41;450,38;80,8;76,91;4,83;36,42;24,24;11,87;359,18
2022-04-28;369,38;377,37;449,89;80,43;76,27;4,93;36,68;24,25;11,86;358,85
2022-04-29;368,35;377,12;447,87;80,95;76,19;5,03;36,48;24,06;11,79;356,78
2022-05-02;369,64;378,14;451,55;80,77;76,41;5,04;36,28;24,13;12,22;359,14
2022-05-03;372,06;382,38;456,71;81,24;77,29;5,19;36,81;24,48;12,39;364,17
2022-05-04;367,22;378,93;450,74;81,04;76,6;5,4;36,45;24,28;12,25;360,13
2022-05-05;364,77;378,26;447,7;81,03;76,43;5,42;36,55;24,03;12,14;356,85
2022-05-06;365,98;380,41;444,66;80,84;76,87;5,45;36,22;24,12;11,91;360,34
2022-05-09;367,43;383,6;448,04;81,54;77,54;5,22;36,41;24,37;12,07;365,12
2022-05-10;360,78;378,86;442,14;81,02;76,62;5,22;35,8;23,53;11,85;358,36
2022-05-11;363,21;379,46;444,28;81,24;76,67;5,22;36,02;23,46;11,87;359,07
2022-05-12;367,78;382,76;446,38;81,69;77,34;5,69;36,15;23,81;12,41;366,49
2022-05-13;368,95;384,08;450,43;82,24;77,63;5,77;36,57;23,84;12,5;369,02
2022-05-16;367,03;384,69;451,17;82,3;77,75;5,75;36,64;23,69;12,48;368,72
2022-05-17;370,73;387,5;460,86;83,18;78,31;5,73;37,16;23,26;12,5;369,4
2022-05-18;367,61;385,28;453,73;82,79;77,86;5,78;36,81;23,01;12,42;366,65
2022-05-19;376,66;386,01;455,69;83,18;78,02;5,94;36,75;23,02;12,51;367,73
2022-05-20;373,74;384,58;453,99;82,94;77,71;6,25;36,68;22,76;12,31;363,57
2022-05-23;370,88;382,6;451,85;82,86;77,33;6,15;36,42;22,56;12,16;359,38
2022-05-24;371,71;383,23;447,02;83,11;77,47;6,26;36,5;22,21;12,18;357,99
2022-05-25;374,79;385,03;451,93;83,74;77,93;6,44;36,64;22,08;12,22;360,85
2022-05-26;383,66;393,35;462,64;85,24;79,6;6,08;37,16;22,44;12,52;368,2
2022-05-27;381,87;392,82;461,94;85,2;79,47;5,54;37,22;22,33;12,39;366,1
2022-05-30;381,65;393,01;461,15;85,67;79,48;5,8;37,35;22,28;12,37;365,12
2022-05-31;382,3;394,05;463,29;86,12;79,7;6;37,47;22,37;12,43;367,31
2022-06-01;385,26;397,03;466;86,52;80,3;6,05;37,83;22,54;12,55;370,43
2022-06-02;384,3;394,53;462,95;85,99;79,85;6,02;37,66;22,43;12,51;369,24
2022-06-03;382,98;394,68;461,52;85,99;79,85;5,93;37,81;22,24;12,48;367,01
2022-06-07;373,81;389,61;455,82;84,97;78,83;5,98;37,08;21,78;12,35;364,8
2022-06-08;372,98;389,9;457,19;85,09;78,85;6,05;37,19;21,3;12,37;365,11
2022-06-09;376,32;394,71;461,38;86,17;79,8;6,33;37,6;21,4;12,47;368,34
2022-06-10;383,06;398,12;468,17;86,49;80,5;6,47;37,84;21,86;12,7;375,05
2022-06-13;382,91;397,69;463,94;85,81;80,41;6,66;37,56;22,02;12,85;379,66
2022-06-14;385,06;398,53;462,81;85,62;80,62;6,62;37,54;22,07;12,89;380,82
2022-06-15;380,85;398,5;459,12;85,43;80,58;6,7;37,56;21,98;12,85;379,78
2022-06-16;387,77;395,56;460,84;84,17;80;6,62;37;21,95;12,86;379,98
2022-06-17;392,65;398,81;466,94;84,94;80,63;6,68;37,3;21,89;12,83;379,1
2022-06-20;393,88;400,21;465,69;85,64;80,94;6,75;37,45;21,94;12,88;380,25
2022-06-21;388,37;396,4;461,3;85,29;80,12;6,87;37,28;21,62;12,69;374,74
2022-06-22;388,9;395,46;459,81;84,85;79,91;7,07;37,07;21,68;12,74;376,34
2022-06-23;393,48;399,58;464,54;84,84;80,77;7,11;37,32;21,93;12,89;380,77
2022-06-24;396,04;400,8;466,64;85,14;81,03;7,15;37,48;21,88;12,88;380,12
2022-06-27;397,96;403,52;469,63;85,93;81,59;7,18;37,83;22,8;12,91;381,29
2022-06-28;396,52;400,72;464,73;85,23;81,02;7,13;37,67;22,74;12,81;378,32
2022-06-29;394,61;396,27;458,97;84,65;80,17;7,24;37,08;22,58;12,77;377,01
2022-06-30;397,56;396,75;461,42;84,74;80,23;7,23;37,06;22,8;12,87;379,99
2022-07-01;397,91;398,74;461,41;84,5;80,62;7,04;37,04;22,77;12,9;381,24
2022-07-04;399,28;400,02;464,64;85,1;80,88;6,97;37,14;22,79;12,98;383,27
2022-07-05;407,23;404,79;473,04;85,46;81,87;6,83;37,48;23,14;13,29;392,73
2022-07-06;412,97;409,98;478,65;85,53;82,93;6,06;38,11;23,24;13,56;400,21
2022-07-07;416,87;412,97;484,69;86,1;83,45;6,41;38,47;23,42;13,71;404,99
2022-07-08;410,46;405,63;478,67;84,59;82,04;6,56;37,89;23,16;13,58;401,06
2022-07-11;412,69;409;483,69;85,17;82,74;6,61;38,21;23,31;13,68;404,19
2022-07-12;419,75;413,78;488,97;85,62;83,74;6,97;38,86;23,77;13,99;413,33
2022-07-13;417,78;410,43;486,21;84,77;83,02;6,93;38,65;23,45;13,85;408,92
2022-07-14;415,44;409,82;484,38;84,67;82,93;7,03;38,58;23,38;13,85;409
2022-07-15;410,93;404,08;476,43;83,98;81,78;6,93;38,11;23,04;13,64;402,83
2022-07-18;408,24;403,04;475,25;84,35;81,58;7,01;38,19;22,74;13,47;397,83
2022-07-19;401,51;399,1;468,33;83,63;80,79;7,02;37,95;22,18;13,19;389,59
2022-07-20;400,4;397,28;466,12;83,38;80,41;7,09;37,95;22,07;13,15;388,27
2022-07-21;405,2;401,59;470,47;84,41;81,29;7,13;38,5;22,3;10,72;394,06
2022-07-22;404,31;397,4;467,92;83,32;80,53;6,84;38,14;22,04;10,75;391,37
2022-07-25;402,41;396,36;466,34;83,92;80,41;6,69;38,11;21,74;10,6;387,68
2022-07-26;405,46;399,03;470,37;84,56;80,87;6,68;38,24;21,87;10,67;390,9
2022-07-27;414,48;404,1;480,52;84,53;81,9;6,6;38,69;22,27;10,79;398,44
2022-07-28;415,67;406,68;485,12;84,81;82,38;6,64;38,95;22,2;10,79;398
2022-07-29;415,1;404,2;481,27;85,29;81,91;6,46;38,87;22,1;10,73;395,42
2022-08-01;414,08;403,28;480,97;84,9;81,79;6,31;38,78;21,9;10,65;393,21
2022-08-02;408,33;397,93;473,74;84,46;80,76;6,46;38,25;21,64;10,52;388,57
2022-08-03;405,23;396,01;473,36;84,22;80,36;6,44;38,02;21,64;10,52;388,7
2022-08-04;404,81;396,49;473,24;83,93;80,48;6,46;38,18;21,65;10,53;389,02
2022-08-05;404,03;394,82;468,96;83,89;80,15;6,42;38,06;21,49;10,46;386,17
2022-08-08;402,02;392,66;465,63;83,5;79,75;6,4;37,82;21,44;10,43;385,26
2022-08-09;405,25;395,02;467,5;84,02;80,53;6,41;38,06;21,47;10,45;385,76
2022-08-10;412,46;401,29;474,78;85,12;81,67;6,5;38,65;21,86;10,63;392,54
2022-08-11;406,28;394,59;467,13;84,41;80,38;6,3;38,08;21,24;10,33;381,58
2022-08-12;405,48;393,04;464,6;83,93;80,4;6,26;37,71;21,24;10,38;381,48
2022-08-15;411,62;397,33;470,04;85,01;81,76;6,36;37,89;21,67;10,54;389,27
2022-08-16;420,02;404,01;479,64;86,07;82,69;6,49;38,41;22,18;10,79;398,47
2022-08-17;420,69;406,92;484,26;86,79;83,29;6,55;38,61;22,27;10,83;400,08
2022-08-18;417,79;405,05;480,03;85,72;82,94;6,59;38,23;22,18;10,79;398,4
2022-08-19;421,29;406,85;479,76;85,7;83,36;6,79;38,26;22,28;10,93;403,26
2022-08-22;422,5;405,83;478,73;85,43;83,07;6,76;38,1;22,37;10,98;405,26
2022-08-23;428,03;410,88;487,2;86,1;84,12;6,93;38,72;22,82;11,2;413,65
2022-08-24;429,71;411,24;488,8;86,09;84,19;6,88;38,81;22,8;11,2;413,47
2022-08-25;424,05;408,35;483,31;85,79;83,76;6,84;38,68;22,46;11,05;408,06
2022-08-26;424,39;409;483,19;86,25;83,92;6,82;38,65;22,52;11,09;409,45
2022-08-29;426,41;410,8;481,89;86,4;84,3;6,75;38,6;22,72;11,19;413,32
2022-08-30;418,88;407,29;476,92;86,08;83,68;6,69;38,23;22,35;11,02;406,27
2022-08-31;415,39;405,11;472,53;85,64;83,33;6,74;37,93;22,31;11;405,88
2022-09-01;409,59;401,28;463,64;85,11;82,66;6,63;37,36;21,97;10,82;399,76
2022-09-02;408,2;398,96;462,25;84,67;82,49;6,64;37,12;21,96;10,83;400,04
2022-09-05;414,3;403,83;468,17;85,45;83,78;6,71;37,57;22,36;11,03;407,46
2022-09-06;413,18;403,34;468,84;85,51;83,54;6,65;37,72;22,22;10,98;405,08
2022-09-07;412,31;401,49;465,84;85,2;82,68;6,63;37,51;22,22;10,98;405,22
2022-09-08;407,76;397,57;457,32;84,18;81,64;6,53;37,14;21,81;10,77;397,77
2022-09-09;408,87;395,48;455,07;83,96;80,81;6,47;37,18;21,45;10,59;391,29
2022-09-12;406,1;395,06;453,21;83,84;80,55;6,41;37,11;21,25;10,49;387,62
2022-09-13;410,48;396,42;457,32;84,19;80,6;6,49;37,36;21,4;10,57;390,37
2022-09-14;418,91;402,09;464,35;85,17;81,66;6,73;37,78;22,05;10,9;402,45
2022-09-15;422,54;405,65;467,96;86;82,33;6,79;37,94;22,22;11,05;405,93
2022-09-16;421,98;405,21;462,76;85,87;82,27;6,78;37,68;22,27;11,02;407
2022-09-19;415,66;400,98;456,85;85,06;81,44;6,69;37,13;21,98;10,88;401,94
2022-09-20;412,52;398,9;455,61;84,57;80,89;6,64;36,87;21,77;10,79;398,54
2022-09-21;422,12;403,14;461,24;84,96;81,54;6,73;36,97;22,23;11,08;407,13
2022-09-22;421,99;406,17;465,61;85,02;82,19;6,84;37,36;22,39;11,13;411,1
2022-09-23;424,39;406,29;465,57;85,42;82,17;7,1;37,28;22,64;11,28;416,58
2022-09-26;425,98;406,5;451,32;85,45;82,24;7,22;37,25;22,74;11,42;419,68
2022-09-27;429,03;407,45;457,54;85,55;82,43;7,28;37,52;22,92;11,52;423,37
2022-09-28;433,19;411,26;460,07;85,41;83,09;7,34;37,59;23,25;11,71;430,37
2022-09-29;442,29;420,21;469,46;86,37;84,9;7,54;38,35;23,44;11,83;434,73
2022-09-30;438,88;421,41;480,73;86,52;85,15;7,45;38,64;23,1;11,6;428,57
2022-10-03;435,84;422,51;482,84;87,51;85,38;7,46;38,79;23,2;11,72;430,65
2022-10-04;428;417,5;481,08;86,95;84,39;7,16;38,72;22,76;11,5;422,78
2022-10-05;432,66;422,4;485,03;87,71;85,54;7,21;38,97;22,85;11,5;424,61
2022-10-06;436;423,53;483,44;87,4;85,79;7,11;38,98;23,04;11,6;428,28
2022-10-07;436,48;423,77;483,91;87,16;85,76;7,03;38,88;23,26;11,71;432,33
2022-10-10;441,57;426,68;486,88;87,64;86,38;7,08;38,89;23,7;11,93;440,42
2022-10-11;440,8;427,89;486,78;87,83;86,68;6,89;38,96;23,71;11,93;440,76
2022-10-12;444,84;429,82;488,95;88,59;87,01;6,94;39,01;23,83;11,99;442,93
2022-10-13;446,31;432,94;494,89;89,31;87,59;7,01;39,3;23,98;12,07;445,73
2022-10-14;429,94;419,61;485,29;86,82;85;6,81;38,11;23,15;11,65;430,37
2022-10-17;429,32;419,2;485,06;86,89;84,89;7;38,13;23,16;11,71;430,48
2022-10-18;421;412,52;473,95;85,82;83,56;6,8;37,79;22,57;11,42;419,65
2022-10-19;420,71;412,93;473,8;86,04;83,7;6,81;37,73;22,63;11,39;420,63
2022-10-20;419,01;412,46;471,57;86,04;83,78;6,86;37,59;22,67;11,42;421,65
2022-10-21;419,41;413,14;471,38;86,35;84,03;6,93;37,4;22,77;11,47;423,52
2022-10-24;419,27;412,84;475,43;86,29;84,02;6,82;37,31;22,56;11,42;419,77
2022-10-25;417,47;412,69;473,99;86,35;84,15;6,78;37,58;22,5;11,34;418,68
2022-10-26;414,69;410,61;474,45;86,04;83,99;6,67;37,57;21,98;11,09;409,01
2022-10-27;410,16;407,71;469,72;85,85;83,56;6,6;37,3;21,78;10,98;405,28
2022-10-28;416,42;412,01;477,79;87,32;83,91;6,75;37,62;22,26;11,23;414,46
2022-11-02;413,67;408,3;473,97;86,79;83,14;6,68;37,45;22,14;11,16;412,22
2022-11-03;414,65;409,54;472,48;86,95;83,54;6,76;37,46;22,55;11,37;419,87
2022-11-04;408,13;402,82;462,28;85,89;82,27;6,64;37,03;22,13;11,16;412,05
2022-11-07;405,63;401,78;460,32;85,71;82,22;6,58;37,14;21,62;10,89;402,34
2022-11-08;405,4;401,1;460,8;85,54;81,99;6,58;37;21,55;10,86;400,94
2022-11-09;408,8;405,05;461,7;86,07;82,59;6,6;37,38;21,68;10,92;403,2
2022-11-10;408,42;401,91;458,64;85,28;82,16;6,6;36,93;21,68;10,93;403,48
2022-11-11;409,73;403,66;462,11;86,28;82,51;6,53;37,48;21,17;10,64;393,05
2022-11-14;416,35;406,16;464,76;86,83;82,91;6,52;37,79;21,17;10,72;393,83
2022-11-15;415,11;405,8;461,28;86,35;82,73;6,47;37,54;20,96;10,57;390,12
2022-11-16;415,35;407,13;464,8;86,77;82,78;6,47;37,47;20,99;10,58;390,72
2022-11-17;419,17;411,57;472,02;87,44;83,66;6,58;37,67;21,33;10,76;397,12
2022-11-18;415,82;410,5;471,59;87,18;83,12;6,55;37,32;21,23;10,71;395,4
2022-11-21;418,38;410,42;473,79;87,3;83,06;6,62;37,34;21,55;10,92;401,31
2022-11-22;416,3;408,51;471,83;86,77;82,78;6,56;37,31;21,35;10,77;397,77
2022-11-23;413,13;405,82;468,52;86,4;82,17;6,49;37,12;21,1;10,64;393,05
2022-11-24;421,63;414,44;481,06;88,25;84,05;6,59;38,04;21,35;10,82;397,77
2022-11-25;420,06;412,6;479,58;88,03;83,85;6,56;38,06;21,3;10,75;397
2022-11-28;414,63;408,3;472,44;87,13;82,9;6,43;37,6;20,98;10,58;390,83
2022-11-29;413,56;408,04;471,93;87,15;82,9;6,45;37,42;21,12;10,71;393,67
2022-11-30;414,08;407,67;472,88;87,32;82,82;6,46;37,3;21,11;10,66;393,54
2022-12-01;416,02;410;477,15;87,42;83,2;6,42;37,52;21,07;10,68;392,68
2022-12-02;415,11;408,78;476,48;87,2;82,89;6,28;37,64;20,83;10,56;388,17
2022-12-05;414,95;409,36;476,23;87,25;83,14;6,24;37,64;20,8;10,5;387,65
2022-12-06;418,57;414,34;480,84;88,15;84,29;6,27;38,08;21,18;10,69;394,84
2022-12-07;416,16;410,55;475,41;87,37;83,51;6,23;37,61;21,02;10,61;391,9
2022-12-08;419,03;414,49;480,72;88,24;84,29;6,33;37,94;21,18;10,69;394,94
2022-12-09;420,65;414,94;481,36;88,65;84,35;6,3;38,04;21,08;10,7;393,01
2022-12-12;424,2;417,81;485,71;89,05;84,84;6,31;38,35;21,22;10,71;395,69
2022-12-13;416,53;411,22;478,74;87,51;83,39;6,18;37,78;20,92;10,61;390,04
2022-12-14;413,26;408,41;474,75;87,1;82,89;6,05;37,59;20,54;10,37;383,05
2022-12-15;411,25;405,73;471,35;86,61;82,41;5,95;37,19;20,48;10,39;381,97
2022-12-16;411,52;406,09;464,75;86,52;82,55;5,91;36,85;20,52;10,36;382,67
2022-12-19;408,77;403,83;464,57;86,09;82,11;5,72;36,75;20,39;10,35;380,36
2022-12-20;409,35;403,16;460,59;86,17;82,04;5,5;36,51;20,31;10,31;379,02
2022-12-21;409,45;402,64;460,44;86,32;82,09;5,37;36,37;20,32;10,32;379,31
2022-12-22;409,25;402,23;457,2;86,42;82,17;5,24;36,51;20,23;10,23;377,82
2022-12-23;405,45;400,6;455,65;86,42;81,72;5,56;36,09;20,21;10,22;377,6
2022-12-27;406,07;401,96;454,82;86,32;81,7;5,39;36,12;20,15;10,21;377,04
2022-12-28;407,25;402,95;455,72;85,82;81,59;5,33;36,21;20,24;10,26;378,82
2022-12-29;409,05;402,54;455,39;85,72;81,4;5,27;36,13;20,18;10,28;377,76
2022-12-30;406,93;400,25;451,98;85,35;80,88;5,15;35,96;20,07;10,22;375,68
2023-01-02;405,78;400,66;451,9;85,64;81,04;5,09;35,85;20,04;10,21;375,18
2023-01-03;407,6;402,81;455,4;86,07;81,66;5,22;36,23;20,38;10,39;381,92
2023-01-04;403,62;397,14;451,37;85,1;80,55;5,25;35,51;19,97;10,18;374,24
2023-01-05;401,92;395,66;448,02;84,68;80,29;5,22;35,43;19,85;10,13;372,42
2023-01-06;401,55;396,68;447,68;84,5;80,48;5,26;35,16;20,11;10,27;377,5
2023-01-09;402,44;397,1;452,39;84,49;80,64;5,34;35,5;19,81;10,12;372,06
2023-01-10;402,88;398,26;451,55;84,71;80,85;5,34;35,63;19,74;10,08;370,61
2023-01-11;403,51;400,08;451,93;85,38;81,1;5,39;35,63;19,83;10,14;372,48
2023-01-12;398,32;399,29;451,62;85,18;80,87;5,48;35,35;19,74;10,09;370,88
2023-01-13;393,48;396,19;446,84;84,44;80,19;5,43;35,14;19,45;9,94;365,39
2023-01-16;398,61;398,98;449,86;84,92;80,69;5,39;35,4;19,62;10,03;368,71
2023-01-17;399,62;399,12;450,56;85,01;80,91;5,38;35,37;19,64;10,04;369,01
2023-01-18;397,82;394,81;448,93;83,81;80,03;5,29;35,3;19,32;9,88;363,21
2023-01-19;398,62;395,39;450,66;84,04;80,22;5,31;35,61;19,43;9,94;365,26
2023-01-20;397,12;395,88;451,15;83,99;80,36;5,32;35,45;19,44;9,95;365,51
2023-01-23;394,03;394,62;448,65;83,62;80,21;5,27;35,41;19,23;9,84;361,64
2023-01-24;396,17;396,68;450,37;84,23;80,64;5,32;35,76;19,42;9,89;365,23
2023-01-25;387,71;389,46;440,61;82,73;79,48;5,19;34,98;19,03;9,74;357,93
2023-01-26;387,83;388,61;441,71;82,23;79,55;5,17;34,82;18,96;9,7;356,65
2023-01-27;387,24;388,18;441,21;82,49;79,33;5,15;34,66;18,96;9,71;356,65
2023-01-30;391,09;391,96;445,6;83,12;79,93;5,17;34,88;19,11;9,78;359,53
2023-01-31;387,59;388,99;442,69;82,61;79,04;5,09;34,31;19,09;9,77;359,18
2023-02-01;391,31;390,13;441,54;82,86;79,38;5,11;34,39;19,05;9,75;358,48
2023-02-02;388,24;387,69;435,14;82,37;79,13;5,03;34,17;18,73;9,59;352,48
2023-02-03;385,8;384,95;431,34;82,02;78,5;5,01;33,97;18,71;9,54;352,2
2023-02-06;391,65;389,48;435,38;82,5;79,43;5,13;34,14;19,21;9,84;361,73
2023-02-07;395,84;392,7;440,18;82,73;80,1;5,17;34,49;19,47;9,98;366,63
2023-02-08;394,58;389,61;438,52;82,17;79,58;5,06;34,39;19,24;9,86;362,26
2023-02-09;389,58;385,13;434,36;81,32;78,8;4,92;34,41;19;9,74;357,79
2023-02-10;393,87;389,28;439,93;81,53;79,41;4,99;34,96;19,3;9,89;363,58
2023-02-13;393,67;388,12;437,56;81,04;79,17;4,93;34,78;19,29;9,89;363,48
2023-02-14;387,81;382,44;433,15;79,95;78,03;4,81;34,48;18,86;9,67;355,39
2023-02-15;383,38;379,3;427,79;79,71;77,42;4,76;34,08;18,76;9,62;353,63
2023-02-16;387,34;382,37;430,78;80,08;78,02;4,78;34,29;18,95;9,68;357,32
2023-02-17;388,76;385,61;432,96;80,72;78,63;4,86;34,42;19,21;9,87;362,52
2023-02-20;388,87;383,63;431,88;80,7;78;4,85;34,51;19,04;9,78;359,24
2023-02-21;389,29;383,72;435,14;80,84;78,03;4,83;34,87;19,07;9,79;359,86
2023-02-22;389,08;383,94;435,91;80,78;77,93;4,81;34,79;19,12;9,82;360,91
2023-02-23;385,5;381,01;432,78;80,18;77,48;4,8;34,5;19,06;9,79;359,75
2023-02-24;383,89;379,85;431,45;80,4;77,23;4,75;34,47;19;9,76;358,82
2023-02-27;382,05;379,4;430,57;80,45;77,09;4,77;34,3;19,04;9,78;359,59
2023-02-28;381,95;379,9;432,51;80,54;77,21;4,79;34,36;18,97;9,7;358,19
2023-03-01;377,09;376,17;426,58;80,17;76,39;4,7;33,95;18,72;9,62;353,48
2023-03-02;373,87;373,89;421,4;79,94;75,98;4,67;33,57;18,64;9,53;351,96
2023-03-03;380,46;378,6;427,7;80,47;76,92;4,73;33,97;18,88;9,66;356,83
2023-03-06;381,21;378,57;428,35;80,43;76,95;4,73;33,92;18,84;9,64;356,13
2023-03-07;379,74;377,45;425,44;80,54;76,72;4,69;33,73;18,73;9,59;354,18
2023-03-08;383,75;381,15;428,07;81,08;77,48;4,75;33,69;19,1;9,8;361,76
2023-03-09;383,29;379,3;426,39;80,99;77,16;4,74;33,57;18,96;9,73;359,22
2023-03-10;388,95;382,86;433,77;81,75;77,89;4,76;33,64;19,08;9,85;361,84
2023-03-13;394,56;384,7;435,42;82,11;78,24;4,77;33,58;19;9,81;360,51
2023-03-14;404,15;394,65;447,85;84,13;80,14;4,9;34,77;19,42;10,02;368,42
2023-03-16;401,84;395,62;449,94;84,21;80,41;4,87;35,3;19,61;10,14;372,59
2023-03-17;399,62;394,08;449;83,73;80,1;4,83;35,33;19,47;10,02;370,13
2023-03-20;402,13;398,93;455,65;84,68;81,06;4,84;35,61;19,66;10,12;373,7
2023-03-21;393,21;391,74;446,63;83,36;79,57;4,74;35,28;19,16;9,87;364,51
2023-03-22;392,59;390,33;444,44;83,26;79,28;4,69;35,09;19;9,8;361,89
2023-03-23;387,16;385,9;436,63;82,43;78,41;4,63;34,53;18,62;9,65;354,52
2023-03-24;394,09;388,21;442,03;82,72;78,81;4,73;34,69;18,98;9,8;361,93
2023-03-27;391,09;385,8;439,44;82,32;78,09;4,68;34,47;18,77;9,75;358,32
2023-03-28;388,26;385,03;437,87;82,25;77,82;4,65;34,35;18,64;9,64;356,11
2023-03-29;381,92;380,6;433,01;81,24;76,92;4,57;33,74;18,36;9,51;351,33
2023-03-30;382,48;380,98;432,87;81,39;76,97;4,55;33,69;18,28;9,53;350,39
2023-03-31;381,85;380,99;432,66;81,48;76,95;4,53;33,84;18,24;9,52;349,85
2023-04-03;382,19;380,26;432,52;81,24;76,95;4,51;33,76;18,26;9,54;350,7
2023-04-04;378,11;376,42;430,17;80,45;76,28;4,35;33,3;17,93;9,38;344,8
2023-04-05;380,7;377,14;430,15;80,57;76,47;4,34;33,37;17,89;9,37;344,42
2023-04-06;382,87;377,48;431,78;80,48;76,46;4,3;33,22;17,98;9,38;346,31
2023-04-11;381,64;376,33;429,06;80,4;76,3;4,2;33,02;17,89;9,35;345,04
2023-04-12;381,37;376,2;427,65;80,62;76,18;4,2;33,13;17,83;9,33;344,38
2023-04-13;382,02;375,14;426,43;80,64;75,89;4,17;32,92;17,62;9,23;340,57
2023-04-14;380,59;373,84;422,69;80,41;75,63;4,15;32,95;17,45;9,15;338,04
2023-04-17;380,18;373,1;421,14;80,54;75,47;4,17;32,89;17,56;9,26;340,26
2023-04-18;377,64;371,55;420,85;80,26;75,22;4,14;32,88;17,44;9,21;338,33
2023-04-19;383,29;377,23;428,23;81,52;76,45;4,22;33,32;17,74;9,32;344,35
2023-04-20;385,41;378,81;429,59;82,18;76,83;4,23;33,39;17,79;9,4;345,25
2023-04-21;385,81;377,86;427,5;82,06;76,45;4,23;33,4;17,77;9,38;344,76
2023-04-24;384,99;376,92;426,35;81,71;76,43;4,21;33,28;17,64;9,27;342,37
2023-04-25;385;376,8;425,77;81,94;76,36;4,18;33,25;17,57;9,29;341,3
2023-04-26;382,3;375,62;424,5;81,85;76,03;4,17;32,95;17,51;9,21;340,17
2023-04-27;378,47;373,31;421,28;81,32;75,55;4,16;32,72;17,38;9,14;337,75
2023-04-28;378,87;372,98;422,69;81,24;75,55;4,19;32,84;17,44;9,19;339,35
2023-05-02;377,2;371,77;422,57;80,96;75,43;4,24;32,87;17,41;9,22;338,84
2023-05-03;382,01;374,42;424,65;81,73;75,95;4,28;33,01;17,41;9,18;339,15
2023-05-04;380,7;373,22;424,54;81,39;75,7;4,3;32,93;17,35;9,16;338,06
2023-05-05;379,66;373,4;426,93;81,38;75,78;4,43;33,19;17,36;9,17;338,62
2023-05-08;380,33;372,96;427,06;81,69;75,73;4,38;33,25;17,32;9,15;337,92
2023-05-09;379,85;372,08;427,35;81,45;75,6;4,37;33,3;17,37;9,18;338,9
2023-05-10;380,49;371,12;427,71;81,59;75,4;4,41;33,16;17,34;9,22;338,86
2023-05-11;379,28;370,87;427,03;81,95;75,22;4,51;32,99;17,34;9,19;339,34
2023-05-12;381,77;371,58;426,66;81,78;75,29;4,42;33,05;17,36;9,22;340,46
2023-05-15;378,97;369,51;424,59;81,97;74,89;4,3;32,67;17,29;9,25;339,97
2023-05-16;379,84;369,38;424,73;82,24;74,68;4,23;32,78;17,21;9,18;339,16
2023-05-17;378,57;369,12;423,55;82,13;74,42;4,23;32,64;17,25;9,23;340,83
2023-05-18;382,97;373,04;428,94;82,24;75,09;4,31;32,87;17,43;9,34;344,86
2023-05-19;387,31;377,33;433,99;83,15;75,84;4,39;33,2;17,66;9,47;349,74
2023-05-22;387,74;375,47;432,11;82,94;75,39;4,35;33,03;17,51;9,4;347,3
2023-05-23;387,79;376,74;432,79;83,75;75,8;4,35;32,96;17,56;9,44;348,74
2023-05-24;385,31;374,59;431,76;83,63;75,43;4,35;32,57;17,48;9,41;347,55
2023-05-25;384,57;373,52;430,83;82,96;75,36;4,36;32,37;17,48;9,43;348,34
2023-05-26;383,44;372;428,19;82,22;75,01;4,34;32,19;17,34;9,43;346,63
2023-05-30;382,78;370,76;428,7;81,99;74,67;4,3;31,92;17,03;9,38;346,34
2023-05-31;381,97;371,06;429,95;81,77;74,68;4,3;31,79;16,81;9,42;348,05
2023-06-01;380,98;370,55;430,99;81,77;74,6;4,29;31,89;16,68;9,39;346,73
2023-06-02;380,8;371,06;431,74;82,19;74,74;4,26;32,11;16,5;9,33;344,4
2023-06-05;379,21;369,42;428,55;82,39;74,38;4,26;31,78;16,32;9,35;345,38
2023-06-06;380,74;369,14;428,51;82,22;74,38;4,24;31,83;16,03;9,34;344,99
2023-06-07;380,49;368,78;429;82,4;74,38;4,24;31,66;14,91;9,34;344,88
2023-06-08;379,06;369,45;429,75;82,31;74,47;4,2;31,63;14,76;9,33;344,41
2023-06-09;380,98;369,28;430,28;82,58;74,51;4,15;31,61;14,6;9,29;343,07
2023-06-12;378,66;368,25;430,23;83;74,3;4,15;31,73;14,45;9,25;341,7
2023-06-13;378,53;370,1;430,34;82,63;74,6;4,09;31,85;14,47;9,27;342,46
2023-06-14;380,03;371,22;434,21;83,01;74,87;4,07;32,08;14,52;9,31;343,66
2023-06-15;381,89;373,65;436,74;83,66;75,4;4,09;32,19;14,57;9,34;344,92
2023-06-16;383,48;374,13;437,16;83,95;75,4;4,08;32,19;14,43;9,25;341,64
2023-06-19;382,43;373,94;438,53;84,07;75,39;4,08;32,01;14,45;9,26;342,12
2023-06-20;380,93;373,71;436,78;84,21;75,3;4,06;31,87;14,46;9,25;341,66
2023-06-21;379,06;371,43;432,45;83,63;74,83;4,03;31,53;14,4;9,21;339,98
2023-06-22;376,48;370,03;430,05;83,48;74,54;4,03;31,48;14,3;9,11;336,61
2023-06-23;379,38;370,63;433,9;83,54;74,77;4,07;31,69;13,53;9,25;341,63
2023-06-26;378,81;369,36;431,92;83,37;74,56;4;31,62;13,03;9,18;339,11
2023-06-27;376,92;368,93;429,46;83,31;74,38;3,97;31,52;12,96;9,13;337,23
2023-06-28;378,25;370,72;430,25;83,1;74,75;3,95;31,51;12,98;9,17;338,46
2023-06-29;378,89;370,92;429,78;83,22;74,75;3,9;31,57;13,04;9,2;339,83
2023-06-30;379,94;371,13;431,94;83,39;74,78;3,9;31,43;13,13;9,27;342,4
2023-07-03;381,84;373,72;434,96;84,3;75,43;3,85;31,65;13,16;9,29;343,27
2023-07-04;384,23;375;437,02;84,74;75,75;3,85;31,76;13,2;9,32;344,19
2023-07-05;386,6;378,03;441,32;84,94;76,41;3,86;31,99;13,31;9,4;347,17
2023-07-06;391,76;382,02;446,97;85,36;77,14;3,76;32,08;13,47;9,52;351,64
2023-07-07;397,56;387,4;453,5;86,45;78,18;3,87;32,57;13,64;9,64;356,13
2023-07-10;393,66;383,91;448,78;86,16;77,53;3,82;32,36;13,41;9,53;350,12
2023-07-11;391,6;380,07;445,1;85,55;76,79;3,8;32,22;13,23;9,35;345,39
2023-07-12;390,25;377,66;443,14;84,91;76,3;3,78;32,15;13,1;9,28;342,64
2023-07-13;390,15;375,84;439,21;84,79;76;3,74;32,54;12,88;9,12;336,74
2023-07-14;389,42;374,97;438,15;84,32;75,93;3,71;32,66;12,75;9,09;333,93
2023-07-17;386,98;373,57;435,27;83,93;75,61;3,68;32,57;12,66;9,05;332,42
2023-07-18;387,54;374,24;435,54;84,39;75,77;3,68;32,6;12,36;9,06;333,01
2023-07-19;388,21;374,55;431,28;84,14;75,72;3,66;32,52;12,38;9,07;333,47
2023-07-20;394,9;379,87;437,99;85,34;76,87;3,73;33,08;12,58;9,18;338,9
2023-07-21;394,83;380,67;439,85;85,55;77,1;3,78;32,9;12,7;9,31;342,08
2023-07-24;394,49;378,96;438,73;85,13;76,95;3,78;32,85;12,7;9,27;342,3
2023-07-25;394,09;378,55;439,65;85,36;76,96;3,8;32,94;12,69;9,26;342,11
2023-07-26;400,16;382,29;445,66;86,4;77,56;3,84;33,26;12,81;9,39;345,18
2023-07-27;397,04;378,57;441,54;85,6;76,81;3,78;32,95;12,61;9,2;339,83
2023-07-28;401,99;383,8;448,44;86,74;77,81;3,85;33,16;12,99;9,53;350,21
2023-07-31;401,08;385,28;448,71;87,27;78,09;3,82;33,23;12,95;9,45;349,14
2023-08-01;405,74;389,67;455,35;88,16;78,96;3,86;33,51;13,17;9,66;355,02
2023-08-02;404,01;389,26;453,16;87,5;78,89;3,82;33,33;13,14;9,59;354,36
2023-08-03;408,57;391,55;454,31;87,82;79,3;3,84;33,35;13,28;9,7;358,4
2023-08-04;407,84;391,61;454,61;88,1;79,07;3,77;33,45;13,26;9,69;357,96
2023-08-07;406,09;390,33;452,67;88,15;78,87;3,68;33,45;13,17;9,63;355,65
2023-08-08;402,66;386,5;448,7;87,11;78,08;3,68;33,09;13,02;9,53;351,84
2023-08-09;403,97;388,16;450,71;87,04;78,46;3,64;33,17;13,07;9,57;353,39
2023-08-10;401,49;386,35;447,29;86,53;78,15;3,6;32,93;12,97;9,54;350,62
2023-08-11;399,01;384,71;444,42;86,33;77,85;3,56;32,68;12,93;9,52;349,77
2023-08-14;398,65;382,69;443,9;86,28;77,42;3,46;32,26;12,92;9,46;349,58
2023-08-15;405,29;387,93;451,26;86,81;78,53;3,63;32,78;13,12;9,61;354,99
2023-08-16;402,56;386,13;450,83;86,53;78,17;3,64;32,63;13,06;9,62;353,37
2023-08-17;405,42;387,65;453,26;86,73;78,55;3,78;32,63;13,15;9,65;356,53
2023-08-18;401,31;383,98;449,41;85,57;77,67;3,79;32,2;13,03;9,61;353,31
2023-08-21;399,42;382,76;447,32;85,51;77,45;3,73;32,08;12,94;9,52;351,61
2023-08-22;399,76;382,76;448,43;85,7;77,54;3,73;32,2;12,9;9,5;350,83
2023-08-23;402,4;383,28;449,18;85,51;77,56;3,75;32,28;13,02;9,59;354,27
2023-08-24;401,15;383,18;447,95;85,63;77,64;3,74;32,23;12,96;9,55;352,77
2023-08-25;400,89;382,97;446,88;85,74;77,52;3,75;32,25;13,4;9,61;355,03
2023-08-28;401,05;383,01;445,99;85,65;77,55;3,72;32,09;13,35;9,6;354,61
2023-08-29;399,66;382,22;445,94;85,51;77,35;3,7;32,17;13,28;9,57;353,58
2023-08-30;398,09;380,55;442,53;85,04;76,97;3,64;32,11;13,1;9,48;350,16
2023-08-31;396,65;380,05;443,56;85,04;76,92;3,65;32;13,08;9,46;349,37
2023-09-01;400,99;383,96;448,63;85,8;77,67;3,68;32,29;13,25;9,58;353,95
2023-09-04;400,64;382,52;447,49;85,68;77,33;3,67;32,16;13,23;9,59;354,25
2023-09-05;403,33;384,98;448,94;85,95;77,8;3,67;32,3;13,36;9,74;358,12
2023-09-06;406,08;387,85;453,83;86,26;78,25;3,69;32,53;13,47;9,78;361,33
2023-09-07;409,02;390,83;455,31;85,03;78,75;3,71;32,83;13,6;9,88;364,89
2023-09-08;403,55;385,08;448,88;83,67;77,58;3,68;32,33;13,39;9,73;359,48
2023-09-11;402,22;384,68;448,94;83,25;77,5;3,72;32,42;13,34;9,71;358,58
